libro,id,título,campo,antes,después,motivo
himnario,himno-053,¡Oh amor de Dios!,compas,8/4,3/4,Verificado por el usuario: es 3/4 (decía 8/4)
himnario,himno-010,Alaba al Dios de Abraham,referencia_biblica,"Éxodo 3:14, 15","Éxodo 3:14, 15; Juan 3:16; Romanos 8:38-39",Unificación de citas con los equivalentes de otros libros
himnario,himno-023,¡Silencio! ¡Silencio!,referencia_biblica,Salmos 46:10,Salmos 46:10; Habacuc 2:20,Unificación de citas con los equivalentes de otros libros
himnario,himno-030,Abre mis ojos,referencia_biblica,Salmos 119:18,Salmos 119:18; Efesios 1:18,Unificación de citas con los equivalentes de otros libros
himnario,himno-040,Shalom,referencia_biblica,Números 6:24-26,Números 6:24-26; Juan 20:21,Unificación de citas con los equivalentes de otros libros
himnario,himno-052,"Señor Jesús, el día ya se fue",referencia_biblica,Lucas 24:29,Lucas 24:29; Efesios 2:8-9; 1 Juan 1:9,Unificación de citas con los equivalentes de otros libros
himnario,himno-053,¡Oh amor de Dios!,referencia_biblica,1 Juan 4:8,1 Juan 4:8; Efesios 3:18-19,Unificación de citas con los equivalentes de otros libros
himnario,himno-061,"Santo, Santo, Santo, Dios Omnipotente",referencia_biblica,Isaías 6:3,Isaías 6:3; Apocalipsis 4:8,Unificación de citas con los equivalentes de otros libros
himnario,himno-062,"Santo, Santo, Santo, Santo es el Señor",referencia_biblica,"Apocalipsis 4:8, 11","Apocalipsis 4:8, 11; Mateo 28:19",Unificación de citas con los equivalentes de otros libros
himnario,himno-84,"Ve, dilo en las montañas",referencia_biblica,Lucas 2:15-20,Lucas 2:15-20; Lucas 2:1-20; Mateo 1:18-23,Unificación de citas con los equivalentes de otros libros
himnario,himno-87,"Venid, fieles todos",referencia_biblica,Mateo 2:11,Mateo 2:11; Lucas 2:1-20; Mateo 1:18-23,Unificación de citas con los equivalentes de otros libros
himnario,himno-88,"Oh, aldehuela de Belén",referencia_biblica,"Lucas 2:13, 14","Lucas 2:13, 14; Lucas 2:1-20; Mateo 1:18-23",Unificación de citas con los equivalentes de otros libros
himnario,himno-90,Somos del oriente,referencia_biblica,"Mateo 2:1, 2, 11","Mateo 2:1, 2, 11; Lucas 2:1-20; Mateo 1:18-23",Unificación de citas con los equivalentes de otros libros
himnario,himno-92,Angeles cantando están,referencia_biblica,Lucas 2:13-17,Lucas 2:13-17; Lucas 2:1-20; Mateo 1:18-23,Unificación de citas con los equivalentes de otros libros
himnario,himno-105,Cristo ha resucitado,referencia_biblica,Hechos 2:24,Hechos 2:24; 1 Corintios 15:3-4; Mateo 28:5-7,Unificación de citas con los equivalentes de otros libros
himnario,himno-114,Dime la antigua historia,referencia_biblica,1 Timoteo 1:15,1 Timoteo 1:15; Lucas 2:1-20; Mateo 1:18-23,Unificación de citas con los equivalentes de otros libros
himnario,himno-119,"De su trono, mi Jesús",referencia_biblica,Efesios 5:2,Efesios 5:2; Juan 3:16; San Mateo 19:14; San Marcos 10:14; San Juan 15:15,Unificación de citas con los equivalentes de otros libros
himnario,himno-126,Abrigadas y salvas en el redil,referencia_biblica,Lucas 15:4-6,Lucas 15:4-6; Lucas 15:3-7,Unificación de citas con los equivalentes de otros libros
himnario,himno-128,"¡Tu nombre es dulce, buen Jesús!",referencia_biblica,Mateo 1:23,Mateo 1:23; Efesios 2:8-9; 1 Juan 1:9,Unificación de citas con los equivalentes de otros libros
himnario,himno-156,A Cristo coronad,referencia_biblica,Apocalipsis 19:12,Apocalipsis 19:12; Juan 14:1-3; 1 Tesalonicenses 4:16-17,Unificación de citas con los equivalentes de otros libros
himnario,himno-157,¡Majestad!,referencia_biblica,Judas 1:25,Judas 1:25; Efesios 1:20-23; Apocalipsis 5:12,Unificación de citas con los equivalentes de otros libros
himnario,himno-162,En presencia estar de Cristo,referencia_biblica,Apocalipsis 22:4,Apocalipsis 22:4; Juan 14:1-3; 1 Tesalonicenses 4:16-17,Unificación de citas con los equivalentes de otros libros
himnario,himno-213,"Tierno y amante, Jesús nos invita",referencia_biblica,Mateo 11:28,Mateo 11:28; Isaías 53:4-6; Efesios 2:8-9,Unificación de citas con los equivalentes de otros libros
himnario,himno-248,Que mi vida entera esté,referencia_biblica,Filipenses 1:21,Filipenses 1:21; Juan 3:16; Efesios 2:8-9,Unificación de citas con los equivalentes de otros libros
himnario,himno-249,Tal como soy,referencia_biblica,Lucas 18:13,Lucas 18:13; Juan 6:37,Unificación de citas con los equivalentes de otros libros
himnario,himno-297,Salvado con sangre por Cristo,referencia_biblica,Lamentaciones 3:58,Lamentaciones 3:58; Efesios 2:8-9; 1 Juan 1:9,Unificación de citas con los equivalentes de otros libros
himnario,himno-302,Grato es contar la historia,referencia_biblica,Salmos 66:16,Salmos 66:16; Hebreos 11:1; Romanos 5:1-5,Unificación de citas con los equivalentes de otros libros
himnario,himno-303,Sublime gracia,referencia_biblica,"1 Crónicas 17:16, 17","1 Crónicas 17:16, 17; Efesios 2:8-9",Unificación de citas con los equivalentes de otros libros
himnario,himno-307,Roca de la eternidad,referencia_biblica,Salmos 18:2,Salmos 18:2; 1 Corintios 10:4,Unificación de citas con los equivalentes de otros libros
himnario,himno-328,¿Nos veremos junto al río?,referencia_biblica,Apocalipsis 22:1,Apocalipsis 22:1; Apocalipsis 21:1-4; Filipenses 3:20-21,Unificación de citas con los equivalentes de otros libros
himnario,himno-333,Aunque en esta vida,referencia_biblica,1 Corintios 2:9,1 Corintios 2:9; Hebreos 11:1; Romanos 5:1-5,Unificación de citas con los equivalentes de otros libros
himnario,himno-339,A veces oigo un himno,referencia_biblica,"Apocalipsis 15:2, 3","Apocalipsis 15:2, 3; Génesis 1:1-31; Salmos 19:1-7",Unificación de citas con los equivalentes de otros libros
himnario,himno-351,Yo tengo gozo,referencia_biblica,Romanos 15:13,"Romanos 15:13; Filipenses 4:4, 7; Juan 3:16; Gálatas 5:22",Unificación de citas con los equivalentes de otros libros
himnario,himno-376,Dulce oración,referencia_biblica,Efesios 6:18,Efesios 6:18; Filipenses 4:6-7; Mateo 7:7-8; 1 Tesalonicenses 5:17,Unificación de citas con los equivalentes de otros libros
himnario,himno-378,"¡Oh, qué amigo nos es Cristo!",referencia_biblica,Filipenses 4:6,Filipenses 4:6; Juan 15:13-15,Unificación de citas con los equivalentes de otros libros
himnario,himno-382,A solas al huerto yo voy,referencia_biblica,Marcos 1:35,Marcos 1:35; Mateo 26:36-46,Unificación de citas con los equivalentes de otros libros
himnario,himno-390,"Soy yo, Señor",referencia_biblica,Lucas 18:1,Lucas 18:1; Lucas 18:13; 1 Pedro 5:6,Unificación de citas con los equivalentes de otros libros
himnario,himno-432,Como el ciervo,referencia_biblica,Salmos 42:1,Salmos 42:1; Salmos 42:1-5,Unificación de citas con los equivalentes de otros libros
himnario,himno-446,"Más cerca, oh Dios, de ti",referencia_biblica,Génesis 28:13-16,Génesis 28:13-16; Génesis 28:10-22,Unificación de citas con los equivalentes de otros libros
himnario,himno-479,"De la mano, Señor",referencia_biblica,Isaías 41:13,Isaías 41:13; Hebreos 11:1; Romanos 5:1-5,Unificación de citas con los equivalentes de otros libros
himnario,himno-485,Unidos en verdad,referencia_biblica,Juan 17:21,Juan 17:21; Filipenses 1:27; 1 Tesalonicenses 4:17,Unificación de citas con los equivalentes de otros libros
himnario,himno-551,Embajador soy de mi Rey,referencia_biblica,2 Corintios 5:20,2 Corintios 5:20; Apocalipsis 21:1-4; Filipenses 3:20-21,Unificación de citas con los equivalentes de otros libros
himnario,himno-555,Hoy gozoso medito,referencia_biblica,Daniel 12:3,Daniel 12:3; Apocalipsis 21:1-4; Filipenses 3:20-21,Unificación de citas con los equivalentes de otros libros
himnario,himno-563,"Escuchad, Jesús nos dice",referencia_biblica,Isaías 6:8,Isaías 6:8; Marcos 10:13-16; Mateo 28:19-20,Unificación de citas con los equivalentes de otros libros
himnario,himno-585,De rodillas partimos hoy el pan,referencia_biblica,1 Corintios 11:23-25,1 Corintios 11:23-25; Hechos 2:46; Lucas 18:13,Unificación de citas con los equivalentes de otros libros
himnario,himno-592,"Si Dios está, ¡feliz hogar!",referencia_biblica,Efesios 5:25,Efesios 5:25; Josué 24:15,Unificación de citas con los equivalentes de otros libros
himnario,himno-593,Hogar de mis recuerdos,referencia_biblica,2 Timoteo 1:5,2 Timoteo 1:5; Hebreos 11:16,Unificación de citas con los equivalentes de otros libros
himnario,himno-601,Cuando leo en la Biblia,referencia_biblica,Mateo 19:14,Mateo 19:14; Lucas 2:1-20; Mateo 1:18-23,Unificación de citas con los equivalentes de otros libros
himnario,himno-614,Amenes,referencia_biblica,Salmos 72:19,Salmos 72:19; Apocalipsis 7:12,Unificación de citas con los equivalentes de otros libros
himnario,himno-226,Buscad primero,referencia_biblica,Mateo 6:33,Mateo 6:33; San Mateo 7:7; San Mateo 4:4,Unificación de citas con los equivalentes de otros libros
himnario,himno-034,En momentos así,referencia_biblica,Salmos 25:1,Salmos 25:1; 1 Crónicas 16:11,Unificación de citas con los equivalentes de otros libros
himnario,himno-354,Voy caminando,referencia_biblica,Mateo 28:20,Mateo 28:20; Salmos 34:4,Unificación de citas con los equivalentes de otros libros
himnario,himno-371,Jesús te ama,referencia_biblica,1 Corintios 15:57,1 Corintios 15:57; Romanos 5:8; Tito 2:13; Apocalipsis 22:20,Unificación de citas con los equivalentes de otros libros
himnario,himno-434,Jesús es mi vida,referencia_biblica,Juan 10:10,Juan 10:10; Salmos 19:1; San Mateo 6:28-30; San Juan 14:6; Salmos 27:1; Salmos 8:3-4,Unificación de citas con los equivalentes de otros libros
himnario,himno-462,Dame a Cristo,referencia_biblica,Mateo 16:26,Mateo 16:26; Salmos 73:25,Unificación de citas con los equivalentes de otros libros
himnario,himno-357,"Jesús, tú eres mi alegría",referencia_biblica,Juan 14:6,Juan 14:6; Habacuc 3:18,Unificación de citas con los equivalentes de otros libros
himnario,himno-342,Después del río,referencia_biblica,Josué 3:14-17,Josué 3:14-17; 1 Corintios 2:9,Unificación de citas con los equivalentes de otros libros
himnario,himno-151,Por eso lo amo,referencia_biblica,1 Juan 4:19,1 Juan 4:19; Apocalipsis 1:7,Unificación de citas con los equivalentes de otros libros
himnario,himno-203,Santo Espíritu llena mi vida,referencia_biblica,Hechos 1:8,Hechos 1:8; San Juan 14:17; San Mateo 25:1-13; San Mateo 5:16; San Marcos 16:15,Unificación de citas con los equivalentes de otros libros
himnario,himno-281,He decidido seguir a Cristo,referencia_biblica,"Lucas 9:57, 62","Lucas 9:57, 62; Gálatas 2:20; Gálatas 6:14; Filipenses 3:13",Unificación de citas con los equivalentes de otros libros
himnario,himno-180,"Sí, lo veremos",referencia_biblica,Isaías 25:9,Isaías 25:9; Apocalipsis 1:7; Mateo 24:30; Filipenses 2:10-11,Unificación de citas con los equivalentes de otros libros
himnario,himno-282,"¡Brilla, Jesús!",referencia_biblica,Juan 8:12,"Juan 8:12; Malaquías 4:2; 2 Corintios 4:6; Salmo 139:23-24; 1 Juan 1:7, San Mateo 8:12",Unificación de citas con los equivalentes de otros libros
himnario,himno-054,Tan bueno es Dios,referencia_biblica,Salmos 34:8,Salmos 34:8; Nahum 1:7; Salmos 145:9,Unificación de citas con los equivalentes de otros libros
himnario,himno-308,Dios descendió,referencia_biblica,2 Timoteo 1:9,2 Timoteo 1:9; Juan 3:3-5; Tito 3:5; 2 Corintios 4:6; Efesios 2:4-7; Juan 14:1-3,Unificación de citas con los equivalentes de otros libros
himnario,himno-429,Él puede,referencia_biblica,Hebreos 7:25,Hebreos 7:25; San Lucas 1:37,Unificación de citas con los equivalentes de otros libros
himnario,himno-472,"Jesús, mi guía es",referencia_biblica,"Salmos 32:6, 7","Salmos 32:6, 7; Salmos 23; Salmos 56:3; 2 Corintios 12:9",Unificación de citas con los equivalentes de otros libros
himnario,himno-059,Mirad qué amor,year,Desconocido,1978,Completado desde Cancionero (mirad_cual_amor): el equivalente lo tiene y aquí estaba vacío/Desconocido
himnario,himno-281,He decidido seguir a Cristo,year,Desconocido,1905-1920,Completado desde Cancionero (he_decidido_seguir_a_cristo): el equivalente lo tiene y aquí estaba vacío/Desconocido
himnario,himno-351,Yo tengo gozo,year,Desconocido,1926,Completado desde Cancionero (yo_tengo_gozo): el equivalente lo tiene y aquí estaba vacío/Desconocido
himnario,himno-357,"Jesús, tú eres mi alegría",year,Desconocido,1990,Completado desde Cancionero (Jesús_tu_eres_mi_alegria): el equivalente lo tiene y aquí estaba vacío/Desconocido
himnario,himno-363,Hay un canto nuevo en mi ser,year,Desconocido,1938,Completado desde Melodías de Victoria (himno_mv-033): el equivalente lo tiene y aquí estaba vacío/Desconocido
himnario,himno-371,Jesús te ama,year,Desconocido,1990,Completado desde Cancionero (Jesús_te_ama): el equivalente lo tiene y aquí estaba vacío/Desconocido
himnario,himno-423,Pertenezco a mi Rey,year,Desconocido,1938,Completado desde Melodías de Victoria (himno_mv-020): el equivalente lo tiene y aquí estaba vacío/Desconocido
himnario,himno-424,¿Cómo podré estar triste?,year,Desconocido,1906; 1934,Completado desde Melodías de Victoria (himno_mv-028): el equivalente lo tiene y aquí estaba vacío/Desconocido
himnario,himno-495,Mi deber,year,Desconocido,1903; 1913; 1928,Completado desde Melodías de Victoria (himno_mv-027): el equivalente lo tiene y aquí estaba vacío/Desconocido
himnario,himno-001,Cantad alegres al Señor,tempo_bpm,,Desconocido,Dato vacío → Desconocido (se traduce)
himnario,himno-006,¡Hosanna!,tempo_bpm,,Desconocido,Dato vacío → Desconocido (se traduce)
himnario,himno-007,"Oh Dios, mi soberano Rey",tempo_bpm,,Desconocido,Dato vacío → Desconocido (se traduce)
himnario,himno-008,¡Suenen dulces himnos!,tempo_bpm,,Desconocido,Dato vacío → Desconocido (se traduce)
himnario,himno-009,Alabemos al Señor,tempo_bpm,,Desconocido,Dato vacío → Desconocido (se traduce)
himnario,himno-010,Alaba al Dios de Abraham,tempo_bpm,,Desconocido,Dato vacío → Desconocido (se traduce)
himnario,himno-011,"Alma, bendice al Señor",tempo_bpm,,Desconocido,Dato vacío → Desconocido (se traduce)
himnario,himno-012,Todos juntos reunidos,tempo_bpm,,Desconocido,Dato vacío → Desconocido (se traduce)
himnario,himno-013,Al Dios invisible,tempo_bpm,,Desconocido,Dato vacío → Desconocido (se traduce)
himnario,himno-014,Engrandecido sea Dios,tempo_bpm,,Desconocido,Dato vacío → Desconocido (se traduce)
himnario,himno-015,"Loámoste, ¡oh Dios!",tempo_bpm,,Desconocido,Dato vacío → Desconocido (se traduce)
himnario,himno-016,A nuestro Padre Dios,tempo_bpm,,Desconocido,Dato vacío → Desconocido (se traduce)
himnario,himno-017,"Oh Padre, eterno Dios",tempo_bpm,,Desconocido,Dato vacío → Desconocido (se traduce)
himnario,himno-018,Load al Padre,tempo_bpm,,Desconocido,Dato vacío → Desconocido (se traduce)
himnario,himno-019,Padre nuestro,tempo_bpm,,Desconocido,Dato vacío → Desconocido (se traduce)
himnario,himno-020,"A Dios, el Padre celestial",tempo_bpm,,Desconocido,Dato vacío → Desconocido (se traduce)
himnario,himno-021,Gloria sea al Padre,tempo_bpm,,Desconocido,Dato vacío → Desconocido (se traduce)
himnario,himno-022,Jehová está en su santo templo,tempo_bpm,,Desconocido,Dato vacío → Desconocido (se traduce)
himnario,himno-023,¡Silencio! ¡Silencio!,tempo_bpm,,Desconocido,Dato vacío → Desconocido (se traduce)
himnario,himno-024,Imploramos tu presencia,tempo_bpm,,Desconocido,Dato vacío → Desconocido (se traduce)
himnario,himno-025,Siento la presencia del Señor,tempo_bpm,,Desconocido,Dato vacío → Desconocido (se traduce)
himnario,himno-026,Aquí reunidos,tempo_bpm,,Desconocido,Dato vacío → Desconocido (se traduce)
himnario,himno-027,"¡Oh Pastor divino, escucha!",tempo_bpm,,Desconocido,Dato vacío → Desconocido (se traduce)
himnario,himno-028,Tu pueblo jubiloso,tempo_bpm,,Desconocido,Dato vacío → Desconocido (se traduce)
himnario,himno-029,Del culto el tiempo llega,tempo_bpm,,Desconocido,Dato vacío → Desconocido (se traduce)
himnario,himno-031,"¡Oh, Señor! al orar",tempo_bpm,,Desconocido,Dato vacío → Desconocido (se traduce)
himnario,himno-032,Nos reunimos en tu santuario,tempo_bpm,,Desconocido,Dato vacío → Desconocido (se traduce)
himnario,himno-033,"Tu presencia, Padre amante, invocamos",tempo_bpm,,Desconocido,Dato vacío → Desconocido (se traduce)
himnario,himno-034,En momentos así,tempo_bpm,,Desconocido,Dato vacío → Desconocido (se traduce)
himnario,himno-035,"Oye, oh Señor",tempo_bpm,,Desconocido,Dato vacío → Desconocido (se traduce)
himnario,himno-036,"¡Oh, Dios, que oyes cada oración!",tempo_bpm,,Desconocido,Dato vacío → Desconocido (se traduce)
himnario,himno-037,Dios os guarde,tempo_bpm,,Desconocido,Dato vacío → Desconocido (se traduce)
himnario,himno-038,Que Dios te guarde,tempo_bpm,,Desconocido,Dato vacío → Desconocido (se traduce)
himnario,himno-039,Despide hoy tu grey,tempo_bpm,,Desconocido,Dato vacío → Desconocido (se traduce)
himnario,himno-040,Shalom,tempo_bpm,,Desconocido,Dato vacío → Desconocido (se traduce)
himnario,himno-041,"Gracia, amor y comunión",tempo_bpm,,Desconocido,Dato vacío → Desconocido (se traduce)
himnario,himno-042,"Queda, Señor",tempo_bpm,,Desconocido,Dato vacío → Desconocido (se traduce)
himnario,himno-043,Agua de vida,tempo_bpm,,Desconocido,Dato vacío → Desconocido (se traduce)
himnario,himno-044,Despídenos con tu bendición,tempo_bpm,,Desconocido,Dato vacío → Desconocido (se traduce)
himnario,himno-045,"Después, Señor",tempo_bpm,,Desconocido,Dato vacío → Desconocido (se traduce)
himnario,himno-046,Hoy amanece,tempo_bpm,,Desconocido,Dato vacío → Desconocido (se traduce)
himnario,himno-047,Por la mañana,tempo_bpm,,Desconocido,Dato vacío → Desconocido (se traduce)
himnario,himno-048,"Oh Dios, si he ofendido un corazón",tempo_bpm,,Desconocido,Dato vacío → Desconocido (se traduce)
himnario,himno-049,"Cristo, ya la noche cierra",tempo_bpm,,Desconocido,Dato vacío → Desconocido (se traduce)
himnario,himno-050,Baja el sol,tempo_bpm,,Desconocido,Dato vacío → Desconocido (se traduce)
himnario,himno-051,Nuestro sol se pone ya,tempo_bpm,,Desconocido,Dato vacío → Desconocido (se traduce)
himnario,himno-052,"Señor Jesús, el día ya se fue",tempo_bpm,,Desconocido,Dato vacío → Desconocido (se traduce)
himnario,himno-053,¡Oh amor de Dios!,tempo_bpm,,Desconocido,Dato vacío → Desconocido (se traduce)
himnario,himno-054,Tan bueno es Dios,tempo_bpm,,Desconocido,Dato vacío → Desconocido (se traduce)
himnario,himno-055,"Grande, Señor, es tu misericordia",tempo_bpm,,Desconocido,Dato vacío → Desconocido (se traduce)
himnario,himno-057,Mi Dios me ama,tempo_bpm,,Desconocido,Dato vacío → Desconocido (se traduce)
himnario,himno-058,Grande es el amor divino,tempo_bpm,,Desconocido,Dato vacío → Desconocido (se traduce)
himnario,himno-059,Mirad qué amor,tempo_bpm,,Desconocido,Dato vacío → Desconocido (se traduce)
himnario,himno-060,¡Santo! ¡Santo! ¡Santo! Tu gloria llena,tempo_bpm,,Desconocido,Dato vacío → Desconocido (se traduce)
himnario,himno-061,"Santo, Santo, Santo, Dios Omnipotente",tempo_bpm,,Desconocido,Dato vacío → Desconocido (se traduce)
himnario,himno-062,"Santo, Santo, Santo, Santo es el Señor",tempo_bpm,,Desconocido,Dato vacío → Desconocido (se traduce)
himnario,himno-063,Al Rey adorad,tempo_bpm,,Desconocido,Dato vacío → Desconocido (se traduce)
himnario,himno-064,Yo canto el poder de Dios,tempo_bpm,,Desconocido,Dato vacío → Desconocido (se traduce)
himnario,himno-065,El mundo es de mi Dios,tempo_bpm,,Desconocido,Dato vacío → Desconocido (se traduce)
himnario,himno-066,¿Sabes cuántos?,tempo_bpm,,Desconocido,Dato vacío → Desconocido (se traduce)
himnario,himno-067,"¡Señor, yo te conozco!",tempo_bpm,,Desconocido,Dato vacío → Desconocido (se traduce)
himnario,himno-068,Todo lo que ha creado Dios,tempo_bpm,,Desconocido,Dato vacío → Desconocido (se traduce)
himnario,himno-069,"Señor, mi Dios",tonalidad,,Desconocido,Dato vacío → Desconocido (se traduce)
himnario,himno-069,"Señor, mi Dios",tempo_bpm,,Desconocido,Dato vacío → Desconocido (se traduce)
himnario,himno-069,"Señor, mi Dios",compas,,Desconocido,Dato vacío → Desconocido (se traduce)
himnario,himno-070,¡Nuestro Dios reina!,tempo_bpm,,Desconocido,Dato vacío → Desconocido (se traduce)
himnario,himno-71,Cada cosa hermosa,tempo_bpm,,Desconocido,Dato vacío → Desconocido (se traduce)
himnario,himno-72,Fue un milagro,tempo_bpm,,Desconocido,Dato vacío → Desconocido (se traduce)
himnario,himno-73,La creación,tempo_bpm,,Desconocido,Dato vacío → Desconocido (se traduce)
himnario,himno-74,Himno al Creador,tempo_bpm,,Desconocido,Dato vacío → Desconocido (se traduce)
himnario,himno-76,"Eterno Dios, mi Creador",tempo_bpm,,Desconocido,Dato vacío → Desconocido (se traduce)
himnario,himno-77,Sea exaltado,tempo_bpm,,Desconocido,Dato vacío → Desconocido (se traduce)
himnario,himno-78,¡Al mundo paz!,tempo_bpm,,Desconocido,Dato vacío → Desconocido (se traduce)
himnario,himno-79,Se oye un canto en alta esfera,tempo_bpm,,Desconocido,Dato vacío → Desconocido (se traduce)
himnario,himno-80,"Venid, pastorcillos",tempo_bpm,,Desconocido,Dato vacío → Desconocido (se traduce)
himnario,himno-81,Noche de paz,tempo_bpm,,Desconocido,Dato vacío → Desconocido (se traduce)
himnario,himno-82,Ya repican las campanas,tempo_bpm,,Desconocido,Dato vacío → Desconocido (se traduce)
himnario,himno-83,La primera Navidad,tempo_bpm,,Desconocido,Dato vacío → Desconocido (se traduce)
himnario,himno-84,"Ve, dilo en las montañas",tempo_bpm,,Desconocido,Dato vacío → Desconocido (se traduce)
himnario,himno-85,Allá en el pesebre,tempo_bpm,,Desconocido,Dato vacío → Desconocido (se traduce)
himnario,himno-86,A medianoche en Belén,tempo_bpm,,Desconocido,Dato vacío → Desconocido (se traduce)
himnario,himno-87,"Venid, fieles todos",tempo_bpm,,Desconocido,Dato vacío → Desconocido (se traduce)
himnario,himno-88,"Oh, aldehuela de Belén",tempo_bpm,,Desconocido,Dato vacío → Desconocido (se traduce)
himnario,himno-89,"Cristianos, alegraos hoy",tempo_bpm,,Desconocido,Dato vacío → Desconocido (se traduce)
himnario,himno-90,Somos del oriente,tempo_bpm,,Desconocido,Dato vacío → Desconocido (se traduce)
himnario,himno-91,¿Qué niño es este?,tempo_bpm,,Desconocido,Dato vacío → Desconocido (se traduce)
himnario,himno-92,Angeles cantando están,tempo_bpm,,Desconocido,Dato vacío → Desconocido (se traduce)
himnario,himno-93,Hubo Uno que quiso,tempo_bpm,,Desconocido,Dato vacío → Desconocido (se traduce)
himnario,himno-94,Sangró mi soberano Dios,tempo_bpm,,Desconocido,Dato vacío → Desconocido (se traduce)
himnario,himno-95,Un día,tempo_bpm,,Desconocido,Dato vacío → Desconocido (se traduce)
himnario,himno-96,Al contemplar la excelsa cruz,tempo_bpm,,Desconocido,Dato vacío → Desconocido (se traduce)
himnario,himno-97,En el monte Calvario,tempo_bpm,,Desconocido,Dato vacío → Desconocido (se traduce)
himnario,himno-98,Rostro divino,tempo_bpm,,Desconocido,Dato vacío → Desconocido (se traduce)
himnario,himno-99,Jamás podrá alguien separarnos,tempo_bpm,,Desconocido,Dato vacío → Desconocido (se traduce)
himnario,himno-100,¡Dulces momentos!,tempo_bpm,,Desconocido,Dato vacío → Desconocido (se traduce)
himnario_1962,himno_62-517,¡Cuánto me alegra!,es.revisado,Dudoso,No,Se quitó el vínculo dudoso con Melodías de Victoria #38 (era otro canto)
himnario_1962,himno_62-062,¡Oh Amor de Dios!,compas,8/4,3/4,Verificado por el usuario: es 3/4 (decía 8/4)
himnario_1962,himno_62-338,¡Silencio! ¡silencio!,referencia_biblica,Salmos 46:10,Salmos 46:10; Habacuc 2:20,Unificación de citas con los equivalentes de otros libros
himnario_1962,himno_62-048,"Señor Jesús, el día ya se fue",referencia_biblica,Lucas 24:29,Lucas 24:29; Efesios 2:8-9; 1 Juan 1:9,Unificación de citas con los equivalentes de otros libros
himnario_1962,himno_62-062,¡Oh Amor de Dios!,referencia_biblica,1 Juan 4:8,1 Juan 4:8; Efesios 3:18-19,Unificación de citas con los equivalentes de otros libros
himnario_1962,himno_62-070,"Santo, Santo, Santo",referencia_biblica,Isaías 6:3,Isaías 6:3; Apocalipsis 4:8,Unificación de citas con los equivalentes de otros libros
himnario_1962,himno_62-101,El Señor resucitó,referencia_biblica,Hechos 2:24,Hechos 2:24; 1 Corintios 15:3-4; Mateo 28:5-7,Unificación de citas con los equivalentes de otros libros
himnario_1962,himno_62-104,Cristo ha resucitado,referencia_biblica,Hechos 2:24,Hechos 2:24; 1 Corintios 15:3-4; Mateo 28:5-7,Unificación de citas con los equivalentes de otros libros
himnario_1962,himno_62-112,Dime la antigua historia,referencia_biblica,1 Timoteo 1:15,1 Timoteo 1:15; Lucas 2:1-20; Mateo 1:18-23,Unificación de citas con los equivalentes de otros libros
himnario_1962,himno_62-514,"De su trono, mi Jesús",referencia_biblica,Efesios 5:2,Efesios 5:2; Juan 3:16; San Mateo 19:14; San Marcos 10:14; San Juan 15:15,Unificación de citas con los equivalentes de otros libros
himnario_1962,himno_62-125,Abrigadas y salvas en el redil,referencia_biblica,Lucas 15:4-6,Lucas 15:4-6; Lucas 15:3-7,Unificación de citas con los equivalentes de otros libros
himnario_1962,himno_62-012,"¡Tu nombre es dulce, buen Jesús!",referencia_biblica,Mateo 1:23,Mateo 1:23; Efesios 2:8-9; 1 Juan 1:9,Unificación de citas con los equivalentes de otros libros
himnario_1962,himno_62-017,A Cristo coronad,referencia_biblica,Apocalipsis 19:12,Apocalipsis 19:12; Juan 14:1-3; 1 Tesalonicenses 4:16-17,Unificación de citas con los equivalentes de otros libros
himnario_1962,himno_62-165,En presencia estar de Cristo,referencia_biblica,Apocalipsis 22:4,Apocalipsis 22:4; Juan 14:1-3; 1 Tesalonicenses 4:16-17,Unificación de citas con los equivalentes de otros libros
himnario_1962,himno_62-206,"Tierno y amante, Jesús nos invita",referencia_biblica,Mateo 11:28,Mateo 11:28; Isaías 53:4-6; Efesios 2:8-9,Unificación de citas con los equivalentes de otros libros
himnario_1962,himno_62-259,Que mi vida entera esté,referencia_biblica,Filipenses 1:21,Filipenses 1:21; Juan 3:16; Efesios 2:8-9,Unificación de citas con los equivalentes de otros libros
himnario_1962,himno_62-262,Tal como soy,referencia_biblica,Lucas 18:13,Lucas 18:13; Juan 6:37,Unificación de citas con los equivalentes de otros libros
himnario_1962,himno_62-329,Grato es contar la historia,referencia_biblica,Salmos 66:16,Salmos 66:16; Hebreos 11:1; Romanos 5:1-5,Unificación de citas con los equivalentes de otros libros
himnario_1962,himno_62-236,Roca de la eternidad,referencia_biblica,Salmos 18:2,Salmos 18:2; 1 Corintios 10:4,Unificación de citas con los equivalentes de otros libros
himnario_1962,himno_62-505,¿Nos veremos junto al río?,referencia_biblica,Apocalipsis 22:1,Apocalipsis 22:1; Apocalipsis 21:1-4; Filipenses 3:20-21,Unificación de citas con los equivalentes de otros libros
himnario_1962,himno_62-500,Aunque en esta vida,referencia_biblica,1 Corintios 2:9,1 Corintios 2:9; Hebreos 11:1; Romanos 5:1-5,Unificación de citas con los equivalentes de otros libros
himnario_1962,himno_62-502,A veces oigo un himno,referencia_biblica,"Apocalipsis 15:2, 3","Apocalipsis 15:2, 3; Génesis 1:1-31; Salmos 19:1-7",Unificación de citas con los equivalentes de otros libros
himnario_1962,himno_62-458,Yo tengo gozo,referencia_biblica,Romanos 15:13,"Romanos 15:13; Filipenses 4:4, 7; Juan 3:16; Gálatas 5:22",Unificación de citas con los equivalentes de otros libros
himnario_1962,himno_62-344,Dulce Oración,referencia_biblica,Efesios 6:18,Efesios 6:18; Filipenses 4:6-7; Mateo 7:7-8; 1 Tesalonicenses 5:17,Unificación de citas con los equivalentes de otros libros
himnario_1962,himno_62-349,"¡Oh, qué amigo nos es Cristo!",referencia_biblica,Filipenses 4:6,Filipenses 4:6; Juan 15:13-15,Unificación de citas con los equivalentes de otros libros
himnario_1962,himno_62-408,"Más cerca, oh Dios, de ti",referencia_biblica,Génesis 28:13-16,Génesis 28:13-16; Génesis 28:10-22,Unificación de citas con los equivalentes de otros libros
himnario_1962,himno_62-357,Soy peregrino aquí,referencia_biblica,2 Corintios 5:20,2 Corintios 5:20; Apocalipsis 21:1-4; Filipenses 3:20-21,Unificación de citas con los equivalentes de otros libros
himnario_1962,himno_62-364,Hoy gozoso medito,referencia_biblica,Daniel 12:3,Daniel 12:3; Apocalipsis 21:1-4; Filipenses 3:20-21,Unificación de citas con los equivalentes de otros libros
himnario_1962,himno_62-447,"Escuchad, Jesús nos dice",referencia_biblica,Isaías 6:8,Isaías 6:8; Marcos 10:13-16; Mateo 28:19-20,Unificación de citas con los equivalentes de otros libros
himnario_1962,himno_62-510,Hogar de mis recuerdos,referencia_biblica,2 Timoteo 1:5,2 Timoteo 1:5; Hebreos 11:16,Unificación de citas con los equivalentes de otros libros
himnario_1962,himno_62-518,Cuando leo en la Biblia,referencia_biblica,Mateo 19:14,Mateo 19:14; Lucas 2:1-20; Mateo 1:18-23,Unificación de citas con los equivalentes de otros libros
himnario_1962,himno_62-528,Amenes,referencia_biblica,Salmos 72:19,Salmos 72:19; Apocalipsis 7:12,Unificación de citas con los equivalentes de otros libros
himnario_1962,himno_62-071,Load al Padre,referencia_biblica,,"Salmos 138:1, 2",Unificación de citas con los equivalentes de otros libros
himnario_1962,himno_62-016,Alza tu Canto,autor,Desconocido,H. M.,Completado desde Melodías de Victoria (himno_mv-013): el equivalente lo tiene y aquí estaba vacío/Desconocido
himnario_1962,himno_62-016,Alza tu Canto,compositor,Desconocido,Melodía Sudamericana,Completado desde Melodías de Victoria (himno_mv-013): el equivalente lo tiene y aquí estaba vacío/Desconocido
himnario_1962,himno_62-021,"Cristo, Señor",compositor,Desconocido,Jean Sibelius,Completado desde Melodías de Victoria (himno_mv-047): el equivalente lo tiene y aquí estaba vacío/Desconocido
himnario_1962,himno_62-071,Load al Padre,autor,Desconocido,Elizabeth Rundle Charles,Completado desde Himnario 2009 (himno-018): el equivalente lo tiene y aquí estaba vacío/Desconocido
himnario_1962,himno_62-071,Load al Padre,compositor,Desconocido,Friedrich F. Flemming,Completado desde Himnario 2009 (himno-018): el equivalente lo tiene y aquí estaba vacío/Desconocido
himnario_1962,himno_62-071,Load al Padre,year,Desconocido,1859,Completado desde Himnario 2009 (himno-018): el equivalente lo tiene y aquí estaba vacío/Desconocido
himnario_1962,himno_62-370,Muy constante es Jesús,autor,Desconocido,A. A. L.,Completado desde Melodías de Victoria (himno_mv-051): el equivalente lo tiene y aquí estaba vacío/Desconocido
himnario_1962,himno_62-370,Muy constante es Jesús,compositor,Desconocido,A. A. Luther,Completado desde Melodías de Victoria (himno_mv-051): el equivalente lo tiene y aquí estaba vacío/Desconocido
himnario_1962,himno_62-370,Muy constante es Jesús,year,Desconocido,1927,Completado desde Melodías de Victoria (himno_mv-051): el equivalente lo tiene y aquí estaba vacío/Desconocido
himnario_1962,himno_62-422,Divina Luz,autor,Desconocido,Newman,Completado desde Melodías de Victoria (himno_mv-012): el equivalente lo tiene y aquí estaba vacío/Desconocido
himnario_1962,himno_62-422,Divina Luz,compositor,Desconocido,Dykes,Completado desde Melodías de Victoria (himno_mv-012): el equivalente lo tiene y aquí estaba vacío/Desconocido
himnario_1962,himno_62-458,Yo tengo gozo,year,Desconocido,1926,Completado desde Himnario 2009 (himno-351): el equivalente lo tiene y aquí estaba vacío/Desconocido
himnario_1962,himno_62-014,"Oye la voz, Señor",compas,,Desconocido,Dato vacío → Desconocido (se traduce)
himnario_1962,himno_62-016,Alza tu Canto,compas,,Desconocido,Dato vacío → Desconocido (se traduce)
himnario_1962,himno_62-021,"Cristo, Señor",compas,,Desconocido,Dato vacío → Desconocido (se traduce)
himnario_1962,himno_62-025,"Ven a las aguas vivas, ven",compas,,Desconocido,Dato vacío → Desconocido (se traduce)
himnario_1962,himno_62-026,"Señor Jesús, supremo Rey",compas,,Desconocido,Dato vacío → Desconocido (se traduce)
himnario_1962,himno_62-029,"Ven, Oh Todopoderoso",compas,,Desconocido,Dato vacío → Desconocido (se traduce)
himnario_1962,himno_62-033,"Oh, Padre de la humanidad",compas,,Desconocido,Dato vacío → Desconocido (se traduce)
himnario_1962,himno_62-034,"Oh Señor, ven a bendecirnos",compas,,Desconocido,Dato vacío → Desconocido (se traduce)
himnario_1962,himno_62-037,Todos juntos tributemos,compas,,Desconocido,Dato vacío → Desconocido (se traduce)
himnario_1962,himno_62-039,Del alba al despuntar,compas,,Desconocido,Dato vacío → Desconocido (se traduce)
himnario_1962,himno_62-040,Dulce es la canción,compas,,Desconocido,Dato vacío → Desconocido (se traduce)
himnario_1962,himno_62-046,"Guárdanos, oh Cristo",compas,,Desconocido,Dato vacío → Desconocido (se traduce)
himnario_1962,himno_62-049,En el curso de este día,compas,,Desconocido,Dato vacío → Desconocido (se traduce)
himnario_1962,himno_62-050,"Óyeme, Jesús divino",compas,,Desconocido,Dato vacío → Desconocido (se traduce)
himnario_1962,himno_62-053,Padre reunidos,compas,,Desconocido,Dato vacío → Desconocido (se traduce)
himnario_1962,himno_62-054,Gloria demos al Padre,compas,,Desconocido,Dato vacío → Desconocido (se traduce)
himnario_1962,himno_62-058,Jehová te bendiga,compas,,Desconocido,Dato vacío → Desconocido (se traduce)
himnario_1962,himno_62-059,Jehová en el alto cielo,compas,,Desconocido,Dato vacío → Desconocido (se traduce)
himnario_1962,himno_62-064,Hay anchura en su clemencia,compas,,Desconocido,Dato vacío → Desconocido (se traduce)
himnario_1962,himno_62-065,Dios de luz y Gloria Excelsa,compas,,Desconocido,Dato vacío → Desconocido (se traduce)
himnario_1962,himno_62-066,Omnisapiente Dios,compas,,Desconocido,Dato vacío → Desconocido (se traduce)
himnario_1962,himno_62-067,"Señor, mi Dios",compas,,Desconocido,Dato vacío → Desconocido (se traduce)
himnario_1962,himno_62-068,"Mi Creador, mi rey",compas,,Desconocido,Dato vacío → Desconocido (se traduce)
himnario_1962,himno_62-071,Load al Padre,compas,,Desconocido,Dato vacío → Desconocido (se traduce)
himnario_1962,himno_62-073,"Padre, Oh Padre, ven a guiarnos",compas,,Desconocido,Dato vacío → Desconocido (se traduce)
himnario_1962,himno_62-075,Oh Dios Eterno,compas,,Desconocido,Dato vacío → Desconocido (se traduce)
himnario_1962,himno_62-076,¡Cuan grande es Dios!,compas,,Desconocido,Dato vacío → Desconocido (se traduce)
himnario_1962,himno_62-079,Mirando al cielo,compas,,Desconocido,Dato vacío → Desconocido (se traduce)
himnario_1962,himno_62-082,Los heraldos celestiales,compas,,Desconocido,Dato vacío → Desconocido (se traduce)
himnario_1962,himno_62-086,Venid Pequeñuelos,compas,,Desconocido,Dato vacío → Desconocido (se traduce)
himnario_1962,himno_62-088,¿Qué significa ese rumor?,compas,,Desconocido,Dato vacío → Desconocido (se traduce)
himnario_1962,himno_62-089,Los tiernos años,compas,,Desconocido,Dato vacío → Desconocido (se traduce)
himnario_1962,himno_62-097,Por fe contemplo al buen Jesús,compas,,Desconocido,Dato vacío → Desconocido (se traduce)
himnario_1962,himno_62-098,Ved al divino Salvador,compas,,Desconocido,Dato vacío → Desconocido (se traduce)
himnario_1962,himno_62-103,Jesús por mí su vida dio,compas,,Desconocido,Dato vacío → Desconocido (se traduce)
himnario_1962,himno_62-106,¿Hay aquí quien no ayude?,compas,,Desconocido,Dato vacío → Desconocido (se traduce)
himnario_1962,himno_62-108,"¡Oh, cuán dulce es la promesa!",compas,,Desconocido,Dato vacío → Desconocido (se traduce)
himnario_1962,himno_62-113,Como ovejas disfrutamos,compas,,Desconocido,Dato vacío → Desconocido (se traduce)
himnario_1962,himno_62-117,Aunque sean como grana,compas,,Desconocido,Dato vacío → Desconocido (se traduce)
himnario_1962,himno_62-118,Dios tu tristeza entiende,compas,,Desconocido,Dato vacío → Desconocido (se traduce)
himnario_1962,himno_62-121,Por sobre el goce terrenal,compas,,Desconocido,Dato vacío → Desconocido (se traduce)
himnario_1962,himno_62-122,Amoroso salvador,compas,,Desconocido,Dato vacío → Desconocido (se traduce)
himnario_1962,himno_62-126,Ven a Cristo,compas,,Desconocido,Dato vacío → Desconocido (se traduce)
himnario_1962,himno_62-130,"Para mí, tan pecador",compas,,Desconocido,Dato vacío → Desconocido (se traduce)
himnario_1962,himno_62-132,Las maravillas de el amor,compas,,Desconocido,Dato vacío → Desconocido (se traduce)
himnario_1962,himno_62-134,Dios tanto amo al mundo,compas,,Desconocido,Dato vacío → Desconocido (se traduce)
himnario_1962,himno_62-136,Al fin conocí más de cerca a Jesús,compas,,Desconocido,Dato vacío → Desconocido (se traduce)
himnario_1962,himno_62-138,Dominará Jesús,compas,,Desconocido,Dato vacío → Desconocido (se traduce)
himnario_1962,himno_62-140,"Venid, cantad a nuestro Señor",compas,,Desconocido,Dato vacío → Desconocido (se traduce)
himnario_1962,himno_62-142,"Si acaso te dejo, Jesús",compas,,Desconocido,Dato vacío → Desconocido (se traduce)
himnario_1962,himno_62-143,Desde el glorioso trono,compas,,Desconocido,Dato vacío → Desconocido (se traduce)
himnario_1962,himno_62-148,"Digno eres, oh Jesús",compas,,Desconocido,Dato vacío → Desconocido (se traduce)
himnario_1962,himno_62-150,"Cristo, si gozo al pecho da",compas,,Desconocido,Dato vacío → Desconocido (se traduce)
himnario_1962,himno_62-151,¡Cuán dulce el nombre de Jesús!,compas,,Desconocido,Dato vacío → Desconocido (se traduce)
himnario_1962,himno_62-157,"Jesús bendito, Salvador",compas,,Desconocido,Dato vacío → Desconocido (se traduce)
himnario_1962,himno_62-159,¡Oh si pudiera yo contar!,compas,,Desconocido,Dato vacío → Desconocido (se traduce)
himnario_1962,himno_62-160,Tiempo es de que en gloria venga Cristo,compas,,Desconocido,Dato vacío → Desconocido (se traduce)
himnario_1962,himno_62-167,"Guarda, dinos si la noche",compas,,Desconocido,Dato vacío → Desconocido (se traduce)
himnario_1962,himno_62-168,El amanecer del día,compas,,Desconocido,Dato vacío → Desconocido (se traduce)
himnario_1962,himno_62-177,Se pone el fulgurante sol,compas,,Desconocido,Dato vacío → Desconocido (se traduce)
himnario_1962,himno_62-181,Estando a orillas del Jordán,compas,,Desconocido,Dato vacío → Desconocido (se traduce)
himnario_1962,himno_62-182,"Cantará, cantará",compas,,Desconocido,Dato vacío → Desconocido (se traduce)
himnario_1962,himno_62-184,Por mil arpas,compas,,Desconocido,Dato vacío → Desconocido (se traduce)
himnario_1962,himno_62-186,Bellas canciones perennes,compas,,Desconocido,Dato vacío → Desconocido (se traduce)
himnario_1962,himno_62-191,"Ven, Espíritu eterno",compas,,Desconocido,Dato vacío → Desconocido (se traduce)
himnario_1962,himno_62-195,Ven a nuestras almas,compas,,Desconocido,Dato vacío → Desconocido (se traduce)
himnario_1962,himno_62-202,En el mundo turbulento,compas,,Desconocido,Dato vacío → Desconocido (se traduce)
himnario_1962,himno_62-203,Hoy llega a mis oídos,compas,,Desconocido,Dato vacío → Desconocido (se traduce)
himnario_1962,himno_62-204,"Ven, pródigo perdido, ven",compas,,Desconocido,Dato vacío → Desconocido (se traduce)
himnario_1962,himno_62-207,"Cristo, el Pastor divino",compas,,Desconocido,Dato vacío → Desconocido (se traduce)
himnario_1962,himno_62-208,¿Te sientes casi resuelto?,compas,,Desconocido,Dato vacío → Desconocido (se traduce)
himnario_1962,himno_62-218,Por mí intercede,compas,,Desconocido,Dato vacío → Desconocido (se traduce)
himnario_1962,himno_62-223,En extraña tierra,compas,,Desconocido,Dato vacío → Desconocido (se traduce)
himnario_1962,himno_62-225,Venid a mí los tristes,compas,,Desconocido,Dato vacío → Desconocido (se traduce)
himnario_1962,himno_62-230,Cuando vengas,compas,,Desconocido,Dato vacío → Desconocido (se traduce)
himnario_1962,himno_62-232,¡Oh mi Dios!,compas,,Desconocido,Dato vacío → Desconocido (se traduce)
himnario_1962,himno_62-233,En todo recio vendaval,compas,,Desconocido,Dato vacío → Desconocido (se traduce)
himnario_1962,himno_62-234,Yo confío en Jesús,compas,,Desconocido,Dato vacío → Desconocido (se traduce)
himnario_1962,himno_62-246,Señor en ti confíe,compas,,Desconocido,Dato vacío → Desconocido (se traduce)
himnario_1962,himno_62-251,"Oh peregrino ignoto, ven",compas,,Desconocido,Dato vacío → Desconocido (se traduce)
himnario_1962,himno_62-261,Tuyo quiero ser,compas,,Desconocido,Dato vacío → Desconocido (se traduce)
himnario_1962,himno_62-263,Deberá Jesús mi cruz llevar,compas,,Desconocido,Dato vacío → Desconocido (se traduce)
himnario_1962,himno_62-268,"Señor, Dios poderoso",compas,,Desconocido,Dato vacío → Desconocido (se traduce)
himnario_1962,himno_62-276,Mi amor y vida doy a ti,compas,,Desconocido,Dato vacío → Desconocido (se traduce)
himnario_1962,himno_62-280,"¡Oh Jesús!, mi cruz levanto",compas,,Desconocido,Dato vacío → Desconocido (se traduce)
himnario_1962,himno_62-283,Moro yo en las alturas,compas,,Desconocido,Dato vacío → Desconocido (se traduce)
himnario_1962,himno_62-287,Perdido fui al buen Jesús,compas,,Desconocido,Dato vacío → Desconocido (se traduce)
himnario_1962,himno_62-291,Todos los que tengan sed,compas,,Desconocido,Dato vacío → Desconocido (se traduce)
himnario_1962,himno_62-297,"¡Oh Jesús, Señor divino!",compas,,Desconocido,Dato vacío → Desconocido (se traduce)
himnario_1962,himno_62-300,"Ni fama, mi ciencia",compas,,Desconocido,Dato vacío → Desconocido (se traduce)
himnario_1962,himno_62-302,¿Quién es aquel que viene?,compas,,Desconocido,Dato vacío → Desconocido (se traduce)
himnario_1962,himno_62-307,Del Padre los bienes,compas,,Desconocido,Dato vacío → Desconocido (se traduce)
himnario_1962,himno_62-308,En el seguro puerto,compas,,Desconocido,Dato vacío → Desconocido (se traduce)
himnario_1962,himno_62-309,Si al vislumbrar en el mundo dichoso,compas,,Desconocido,Dato vacío → Desconocido (se traduce)
himnario_1962,himno_62-311,Solemne me es saber,compas,,Desconocido,Dato vacío → Desconocido (se traduce)
himnario_1962,himno_62-312,¡A la luz!,compas,,Desconocido,Dato vacío → Desconocido (se traduce)
himnario_1962,himno_62-313,"Más allá, en ¡a excelsa patria",compas,,Desconocido,Dato vacío → Desconocido (se traduce)
himnario_1962,himno_62-317,No está en la tierra mi hogar,compas,,Desconocido,Dato vacío → Desconocido (se traduce)
himnario_1962,himno_62-320,Arrolladas las neblinas,compas,,Desconocido,Dato vacío → Desconocido (se traduce)
himnario_1962,himno_62-321,Perfecta paz,compas,,Desconocido,Dato vacío → Desconocido (se traduce)
himnario_1962,himno_62-325,Llenos de gozo,compas,,Desconocido,Dato vacío → Desconocido (se traduce)
himnario_1962,himno_62-326,En Cristo feliz es mi alma,compas,,Desconocido,Dato vacío → Desconocido (se traduce)
himnario_1962,himno_62-337,"Cristo, tú prometes",compas,,Desconocido,Dato vacío → Desconocido (se traduce)
himnario_1962,himno_62-339,Primero oré por luz,compas,,Desconocido,Dato vacío → Desconocido (se traduce)
himnario_1962,himno_62-340,Bendiciones ricas,compas,,Desconocido,Dato vacío → Desconocido (se traduce)
himnario_1962,himno_62-343,A mí venid,compas,,Desconocido,Dato vacío → Desconocido (se traduce)
himnario_1962,himno_62-346,Cuando lleguen pruebas,compas,,Desconocido,Dato vacío → Desconocido (se traduce)
himnario_1962,himno_62-347,Sol de mi ser,compas,,Desconocido,Dato vacío → Desconocido (se traduce)
himnario_1962,himno_62-358,¡El salvavidas!,compas,,Desconocido,Dato vacío → Desconocido (se traduce)
himnario_1962,himno_62-365,Solitarios corazones,compas,,Desconocido,Dato vacío → Desconocido (se traduce)
himnario_1962,himno_62-370,Muy constante es Jesús,compas,,Desconocido,Dato vacío → Desconocido (se traduce)
himnario_1962,himno_62-374,Los Hijos del Reino,compas,,Desconocido,Dato vacío → Desconocido (se traduce)
himnario_1962,himno_62-375,"¡Oh Rey eterno, avanza!",compas,,Desconocido,Dato vacío → Desconocido (se traduce)
himnario_1962,himno_62-376,"¡Oh, hermanos!",compas,,Desconocido,Dato vacío → Desconocido (se traduce)
himnario_1962,himno_62-382,Aquí mis días ya se van,compas,,Desconocido,Dato vacío → Desconocido (se traduce)
himnario_1962,himno_62-383,Sale a la lucha el Salvador,compas,,Desconocido,Dato vacío → Desconocido (se traduce)
himnario_1962,himno_62-386,Peregrinos en desierto,compas,,Desconocido,Dato vacío → Desconocido (se traduce)
himnario_1962,himno_62-388,Soy peregrino aquí,compas,,Desconocido,Dato vacío → Desconocido (se traduce)
himnario_1962,himno_62-392,Hay tan solo dos sendas,compas,,Desconocido,Dato vacío → Desconocido (se traduce)
himnario_1962,himno_62-393,Aprendí el gran secreto,compas,,Desconocido,Dato vacío → Desconocido (se traduce)
himnario_1962,himno_62-395,La cruz no es mayor,compas,,Desconocido,Dato vacío → Desconocido (se traduce)
himnario_1962,himno_62-399,Cristo está conmigo,compas,,Desconocido,Dato vacío → Desconocido (se traduce)
himnario_1962,himno_62-401,"Concédeme, Jesús, poder",compas,,Desconocido,Dato vacío → Desconocido (se traduce)
himnario_1962,himno_62-414,"Cristo, tú eres para mí",compas,,Desconocido,Dato vacío → Desconocido (se traduce)
himnario_1962,himno_62-415,"Donde me guíe, seguiré",compas,,Desconocido,Dato vacío → Desconocido (se traduce)
himnario_1962,himno_62-417,En brazos del Maestro,compas,,Desconocido,Dato vacío → Desconocido (se traduce)
himnario_1962,himno_62-422,Divina Luz,compas,,Desconocido,Dato vacío → Desconocido (se traduce)
himnario_1962,himno_62-425,"Cristo, tu voluntad",compas,,Desconocido,Dato vacío → Desconocido (se traduce)
himnario_1962,himno_62-426,"Alma mía, espera en tu Señor",compas,,Desconocido,Dato vacío → Desconocido (se traduce)
himnario_1962,himno_62-427,¿Oyes cómo Jesucristo?,compas,,Desconocido,Dato vacío → Desconocido (se traduce)
himnario_1962,himno_62-431,Tengo en Dios un grande amor,compas,,Desconocido,Dato vacío → Desconocido (se traduce)
himnario_1962,himno_62-435,¡Cuán firme es de tu iglesia!,compas,,Desconocido,Dato vacío → Desconocido (se traduce)
himnario_1962,himno_62-437,"Oh Dios, escucha con bondad",compas,,Desconocido,Dato vacío → Desconocido (se traduce)
himnario_1962,himno_62-440,"¡Oh, cuánto me eres cara!",compas,,Desconocido,Dato vacío → Desconocido (se traduce)
himnario_1962,himno_62-442,En la montaña podrá no ser,compas,,Desconocido,Dato vacío → Desconocido (se traduce)
himnario_1962,himno_62-446,De heladas cordilleras,compas,,Desconocido,Dato vacío → Desconocido (se traduce)
himnario_1962,himno_62-449,"¡Señor!, la mies es mucha",compas,,Desconocido,Dato vacío → Desconocido (se traduce)
himnario_1962,himno_62-462,En lo profundo de la mar,compas,,Desconocido,Dato vacío → Desconocido (se traduce)
himnario_1962,himno_62-466,¡Cuán dulce en este día!,compas,,Desconocido,Dato vacío → Desconocido (se traduce)
himnario_1962,himno_62-469,Otros seis días de labor,compas,,Desconocido,Dato vacío → Desconocido (se traduce)
himnario_1962,himno_62-474,"Oh, día del Señor",compas,,Desconocido,Dato vacío → Desconocido (se traduce)
himnario_1962,himno_62-478,Obediente a tu mandato,compas,,Desconocido,Dato vacío → Desconocido (se traduce)
himnario_1962,himno_62-480,Amoroso nos convidas,compas,,Desconocido,Dato vacío → Desconocido (se traduce)
himnario_1962,himno_62-481,Espíritu de santidad,compas,,Desconocido,Dato vacío → Desconocido (se traduce)
himnario_1962,himno_62-483,Jesús invita hoy,compas,,Desconocido,Dato vacío → Desconocido (se traduce)
himnario_1962,himno_62-488,Predica tú,compas,,Desconocido,Dato vacío → Desconocido (se traduce)
himnario_1962,himno_62-489,"¡Oh, dónde se hallará!",compas,,Desconocido,Dato vacío → Desconocido (se traduce)
himnario_1962,himno_62-490,Jubilosas nuestras voces,compas,,Desconocido,Dato vacío → Desconocido (se traduce)
himnario_1962,himno_62-491,Cuando pese nuestros hechos,compas,,Desconocido,Dato vacío → Desconocido (se traduce)
himnario_1962,himno_62-497,"Jerusalén, la excelsa",compas,,Desconocido,Dato vacío → Desconocido (se traduce)
himnario_1962,himno_62-498,Las montañas de Sion,compas,,Desconocido,Dato vacío → Desconocido (se traduce)
himnario_1962,himno_62-499,De luz sin par es ml mansión,compas,,Desconocido,Dato vacío → Desconocido (se traduce)
himnario_1962,himno_62-501,¡Oh célica Jerusalén!,compas,,Desconocido,Dato vacío → Desconocido (se traduce)
himnario_1962,himno_62-508,Al bello hogar,compas,,Desconocido,Dato vacío → Desconocido (se traduce)
himnario_1962,himno_62-522,Tu reino amo,compas,,Desconocido,Dato vacío → Desconocido (se traduce)
himnario_1962,himno_62-523,¡Oh santo Dios!,compas,,Desconocido,Dato vacío → Desconocido (se traduce)
himnario_1962,himno_62-525,No habrá más llanto allá,compas,,Desconocido,Dato vacío → Desconocido (se traduce)
himnario_1962,himno_62-526,Llegaremos al hogar,compas,,Desconocido,Dato vacío → Desconocido (se traduce)
himnario_1962,himno_62-527,¿Para quién será el ay?,compas,,Desconocido,Dato vacío → Desconocido (se traduce)
melodias_de_victoria,himno_mv-025,Quiero Ser Cual Cristo,autor,H. C. Ball,James Rowe,El autor era el traductor; autor original tomado de Himnario 2009 (himno-271)
melodias_de_victoria,himno_mv-025,Quiero Ser Cual Cristo,es.traductor,,H. C. Ball,Pasó del campo autor (era el traductor)
melodias_de_victoria,himno_mv-028,El Cuidará de Mí,autor,V. Mendoza,Civilla D. Martin,El autor era el traductor; autor original tomado de Himnario 2009 (himno-424)
melodias_de_victoria,himno_mv-028,El Cuidará de Mí,es.traductor,,V. Mendoza,Pasó del campo autor (era el traductor)
melodias_de_victoria,himno_mv-031,El me Sostendrá,autor,V. Mendoza,Ada R. Habershon,El autor era el traductor; autor original tomado de Himnario 2009 (himno-409)
melodias_de_victoria,himno_mv-031,El me Sostendrá,es.traductor,,V. Mendoza,Pasó del campo autor (era el traductor)
melodias_de_victoria,himno_mv-032,De Jesús el Nombre Guarda,autor,T. M. Westrup,Lydia Baxter,El autor era el traductor; autor original tomado de Himnario 2009 (himno-137)
melodias_de_victoria,himno_mv-032,De Jesús el Nombre Guarda,es.traductor,,T. M. Westrup,Pasó del campo autor (era el traductor)
melodias_de_victoria,himno_mv-035,Roca de la Eternidad,autor,T. M. Westrup,Augustus M. Toplady,El autor era el traductor; autor original tomado de Himnario 2009 (himno-307)
melodias_de_victoria,himno_mv-035,Roca de la Eternidad,es.traductor,,T. M. Westrup,Pasó del campo autor (era el traductor)
melodias_de_victoria,himno_mv-037,Cariñoso Salvador,autor,T. M. Westrup,Charles Wesley,El autor era el traductor; autor original tomado de Himnario 2009 (himno-421)
melodias_de_victoria,himno_mv-037,Cariñoso Salvador,es.traductor,,T. M. Westrup,Pasó del campo autor (era el traductor)
melodias_de_victoria,himno_mv-039,Todo Debo a Él,autor,E. L. Maxwell,Elvina M. Hall,El autor era el traductor; autor original tomado de Himnario 2009 (himno-284)
melodias_de_victoria,himno_mv-039,Todo Debo a Él,es.traductor,,E. L. Maxwell,Pasó del campo autor (era el traductor)
melodias_de_victoria,himno_mv-055,"Jesús, yo he Prometido",autor,J. B. Cabrera,John E. Bode,El autor era el traductor; autor original tomado de Himnario 2009 (himno-256)
melodias_de_victoria,himno_mv-055,"Jesús, yo he Prometido",es.traductor,,J. B. Cabrera,Pasó del campo autor (era el traductor)
melodias_de_victoria,himno_mv-064,La Cruz de Jesús,year,1941,1913,Año original verificado (hymnary.org); coincide con 2009 y 1962
melodias_de_victoria,himno_mv-064,La Cruz de Jesús,es.nota,,"Año corregido: antes decía 1941, que no es el del canto original (1913); podría ser la fecha de la edición en español.",Se conserva el año anterior en la nota
melodias_de_victoria,himno_mv-029,¡Cúmplase Tu Voluntad!,year,1935,1907,Año original verificado (hymnary.org); coincide con 2009 y 1962
melodias_de_victoria,himno_mv-029,¡Cúmplase Tu Voluntad!,es.nota,,"Año corregido: antes decía 1935, que no es el del canto original (1907); podría ser la fecha de la edición en español.",Se conserva el año anterior en la nota
melodias_de_victoria,himno_mv-031,El me Sostendrá,year,1934,1906,Año original verificado (hymnary.org); coincide con 2009 y 1962
melodias_de_victoria,himno_mv-031,El me Sostendrá,es.nota,,"Año corregido: antes decía 1934, que no es el del canto original (1906); podría ser la fecha de la edición en español.",Se conserva el año anterior en la nota
melodias_de_victoria,himno_mv-007,"Oh, Amor de Dios",referencia_biblica,,1 Juan 4:8; Efesios 3:18-19,Unificación de citas con los equivalentes de otros libros
melodias_de_victoria,himno_mv-001,Mi Dios me Ama,referencia_biblica,,Juan 3:16,Unificación de citas con los equivalentes de otros libros
melodias_de_victoria,himno_mv-064,La Cruz de Jesús,referencia_biblica,,Gálatas 6:14,Unificación de citas con los equivalentes de otros libros
melodias_de_victoria,himno_mv-046,Jesús Y Yo,referencia_biblica,,"Juan 15:14, 15",Unificación de citas con los equivalentes de otros libros
melodias_de_victoria,himno_mv-049,Ningún Otro me Amó Cual Cristo,referencia_biblica,,Juan 15:13,Unificación de citas con los equivalentes de otros libros
melodias_de_victoria,himno_mv-032,De Jesús el Nombre Guarda,referencia_biblica,,Hechos 2:21,Unificación de citas con los equivalentes de otros libros
melodias_de_victoria,himno_mv-003,Dadme la Biblia,referencia_biblica,,Salmos 119:105,Unificación de citas con los equivalentes de otros libros
melodias_de_victoria,himno_mv-029,¡Cúmplase Tu Voluntad!,referencia_biblica,,Mateo 26:42,Unificación de citas con los equivalentes de otros libros
melodias_de_victoria,himno_mv-019,Cordero de Dios,referencia_biblica,,Lucas 18:13; Juan 6:37,Unificación de citas con los equivalentes de otros libros
melodias_de_victoria,himno_mv-055,"Jesús, yo he Prometido",referencia_biblica,,Deuteronomio 13:4,Unificación de citas con los equivalentes de otros libros
melodias_de_victoria,himno_mv-025,Quiero Ser Cual Cristo,referencia_biblica,,Efesios 5:1,Unificación de citas con los equivalentes de otros libros
melodias_de_victoria,himno_mv-039,Todo Debo a Él,referencia_biblica,,2 Corintios 13:4,Unificación de citas con los equivalentes de otros libros
melodias_de_victoria,himno_mv-059,Llegó Jesús,referencia_biblica,,Marcos 10:46-52,Unificación de citas con los equivalentes de otros libros
melodias_de_victoria,himno_mv-035,Roca de la Eternidad,referencia_biblica,,Salmos 18:2; 1 Corintios 10:4,Unificación de citas con los equivalentes de otros libros
melodias_de_victoria,himno_mv-033,Nombre Sin Igual,referencia_biblica,,Filipenses 2:9,Unificación de citas con los equivalentes de otros libros
melodias_de_victoria,himno_mv-006,Todo a Dios en Oración,referencia_biblica,,Filipenses 4:6; Juan 15:13-15,Unificación de citas con los equivalentes de otros libros
melodias_de_victoria,himno_mv-031,El me Sostendrá,referencia_biblica,,Isaías 41:10,Unificación de citas con los equivalentes de otros libros
melodias_de_victoria,himno_mv-021,"Padre, yo Vengo a Ti",referencia_biblica,,Isaías 63:16,Unificación de citas con los equivalentes de otros libros
melodias_de_victoria,himno_mv-037,Cariñoso Salvador,referencia_biblica,,Salmos 46:1-3,Unificación de citas con los equivalentes de otros libros
melodias_de_victoria,himno_mv-020,Pertenezco a mi Rey,referencia_biblica,,"1 Corintios 6:19, 20",Unificación de citas con los equivalentes de otros libros
melodias_de_victoria,himno_mv-028,El Cuidará de Mí,referencia_biblica,,Mateo 6:26,Unificación de citas con los equivalentes de otros libros
melodias_de_victoria,himno_mv-011,Mira Hacia Dios,referencia_biblica,,Isaías 45:22,Unificación de citas con los equivalentes de otros libros
melodias_de_victoria,himno_mv-045,No me Pases,referencia_biblica,,Salmos 61:1,Unificación de citas con los equivalentes de otros libros
melodias_de_victoria,himno_mv-052,Para Ser Cual Cristo,referencia_biblica,,Filipenses 2:5,Unificación de citas con los equivalentes de otros libros
melodias_de_victoria,himno_mv-036,Habladme Más de Cristo,referencia_biblica,,Juan 12:21,Unificación de citas con los equivalentes de otros libros
melodias_de_victoria,himno_mv-027,Mi Deber,referencia_biblica,,1 Corintios 9:16,Unificación de citas con los equivalentes de otros libros
melodias_de_victoria,himno_mv-004,Sagrado es el Amor,referencia_biblica,,Juan 13:34,Unificación de citas con los equivalentes de otros libros
melodias_de_victoria,himno_mv-001,Mi Dios me Ama,autor,,August D. Rische,Completado desde Himnario 2009 (himno-057): el equivalente lo tiene y aquí estaba vacío/Desconocido
melodias_de_victoria,himno_mv-001,Mi Dios me Ama,compositor,,Melodía tradicional alemana,Completado desde Himnario 2009 (himno-057): el equivalente lo tiene y aquí estaba vacío/Desconocido
melodias_de_victoria,himno_mv-001,Mi Dios me Ama,year,,1856,Completado desde Himnario 2009 (himno-057): el equivalente lo tiene y aquí estaba vacío/Desconocido
melodias_de_victoria,himno_mv-003,Dadme la Biblia,year,,1883,Completado desde Himnario 2009 (himno-205): el equivalente lo tiene y aquí estaba vacío/Desconocido
melodias_de_victoria,himno_mv-004,Sagrado es el Amor,autor,,John Fawcett,Completado desde Himnario 2009 (himno-532): el equivalente lo tiene y aquí estaba vacío/Desconocido
melodias_de_victoria,himno_mv-004,Sagrado es el Amor,year,,1772,Completado desde Himnario 2009 (himno-532): el equivalente lo tiene y aquí estaba vacío/Desconocido
melodias_de_victoria,himno_mv-006,Todo a Dios en Oración,year,,1855,Completado desde Himnario 2009 (himno-378): el equivalente lo tiene y aquí estaba vacío/Desconocido
melodias_de_victoria,himno_mv-019,Cordero de Dios,autor,,Charlotte Elliott,Completado desde Himnario 2009 (himno-249): el equivalente lo tiene y aquí estaba vacío/Desconocido
melodias_de_victoria,himno_mv-019,Cordero de Dios,year,,1836,Completado desde Himnario 2009 (himno-249): el equivalente lo tiene y aquí estaba vacío/Desconocido
melodias_de_victoria,himno_mv-020,Pertenezco a mi Rey,autor,,Ida L. Reed,Completado desde Himnario 2009 (himno-423): el equivalente lo tiene y aquí estaba vacío/Desconocido
melodias_de_victoria,himno_mv-032,De Jesús el Nombre Guarda,year,,1870,Completado desde Himnario 2009 (himno-137): el equivalente lo tiene y aquí estaba vacío/Desconocido
melodias_de_victoria,himno_mv-035,Roca de la Eternidad,year,,1776,Completado desde Himnario 2009 (himno-307): el equivalente lo tiene y aquí estaba vacío/Desconocido
melodias_de_victoria,himno_mv-037,Cariñoso Salvador,year,,1740,Completado desde Himnario 2009 (himno-421): el equivalente lo tiene y aquí estaba vacío/Desconocido
melodias_de_victoria,himno_mv-039,Todo Debo a Él,year,,1865,Completado desde Himnario 2009 (himno-284): el equivalente lo tiene y aquí estaba vacío/Desconocido
melodias_de_victoria,himno_mv-045,No me Pases,year,,1868,Completado desde Himnario 2009 (himno-444): el equivalente lo tiene y aquí estaba vacío/Desconocido
melodias_de_victoria,himno_mv-046,Jesús Y Yo,year,,1902,Completado desde Himnario 2009 (himno-108): el equivalente lo tiene y aquí estaba vacío/Desconocido
melodias_de_victoria,himno_mv-055,"Jesús, yo he Prometido",year,,1866,Completado desde Himnario 2009 (himno-256): el equivalente lo tiene y aquí estaba vacío/Desconocido
melodias_de_victoria,himno_mv-064,La Cruz de Jesús,autor,,George Bennard,Completado desde Himnario 2009 (himno-97): el equivalente lo tiene y aquí estaba vacío/Desconocido
melodias_de_victoria,himno_mv-001,Mi Dios me Ama,tempo_bpm,,Desconocido,Dato vacío → Desconocido (se traduce)
melodias_de_victoria,himno_mv-002,"Más Cerca, Oh Dios, de Ti",tempo_bpm,,Desconocido,Dato vacío → Desconocido (se traduce)
melodias_de_victoria,himno_mv-003,Dadme la Biblia,tempo_bpm,,Desconocido,Dato vacío → Desconocido (se traduce)
melodias_de_victoria,himno_mv-004,Sagrado es el Amor,tempo_bpm,,Desconocido,Dato vacío → Desconocido (se traduce)
melodias_de_victoria,himno_mv-005,Da a Dios tu Juventud,year,,Desconocido,Dato vacío → Desconocido (se traduce)
melodias_de_victoria,himno_mv-005,Da a Dios tu Juventud,tonalidad,,Desconocido,Dato vacío → Desconocido (se traduce)
melodias_de_victoria,himno_mv-005,Da a Dios tu Juventud,tempo_bpm,,Desconocido,Dato vacío → Desconocido (se traduce)
melodias_de_victoria,himno_mv-005,Da a Dios tu Juventud,compas,,Desconocido,Dato vacío → Desconocido (se traduce)
melodias_de_victoria,himno_mv-006,Todo a Dios en Oración,tempo_bpm,,Desconocido,Dato vacío → Desconocido (se traduce)
melodias_de_victoria,himno_mv-007,"Oh, Amor de Dios",tempo_bpm,,Desconocido,Dato vacío → Desconocido (se traduce)
melodias_de_victoria,himno_mv-008,Tu Voluntad,year,,Desconocido,Dato vacío → Desconocido (se traduce)
melodias_de_victoria,himno_mv-008,Tu Voluntad,tempo_bpm,,Desconocido,Dato vacío → Desconocido (se traduce)
melodias_de_victoria,himno_mv-009,Dios Sabe Tus Tristezas,tempo_bpm,,Desconocido,Dato vacío → Desconocido (se traduce)
melodias_de_victoria,himno_mv-010,Oración Vespertina,tempo_bpm,,Desconocido,Dato vacío → Desconocido (se traduce)
melodias_de_victoria,himno_mv-011,Mira Hacia Dios,tempo_bpm,,Desconocido,Dato vacío → Desconocido (se traduce)
melodias_de_victoria,himno_mv-012,"Divina Luz, Con Tu Esplendor Benigno",year,,Desconocido,Dato vacío → Desconocido (se traduce)
melodias_de_victoria,himno_mv-012,"Divina Luz, Con Tu Esplendor Benigno",tempo_bpm,,Desconocido,Dato vacío → Desconocido (se traduce)
melodias_de_victoria,himno_mv-013,"Alza tu Canto, ¡Oh Lengua Mía!",year,,Desconocido,Dato vacío → Desconocido (se traduce)
melodias_de_victoria,himno_mv-013,"Alza tu Canto, ¡Oh Lengua Mía!",tempo_bpm,,Desconocido,Dato vacío → Desconocido (se traduce)
melodias_de_victoria,himno_mv-014,Enséñame A Orar,tempo_bpm,,Desconocido,Dato vacío → Desconocido (se traduce)
melodias_de_victoria,himno_mv-015,"¡Ayúdame, Oh Padre!",tempo_bpm,,Desconocido,Dato vacío → Desconocido (se traduce)
melodias_de_victoria,himno_mv-016,Da lo Mejor al Maestro,autor,,Desconocido,Dato vacío → Desconocido (se traduce)
melodias_de_victoria,himno_mv-016,Da lo Mejor al Maestro,year,,Desconocido,Dato vacío → Desconocido (se traduce)
melodias_de_victoria,himno_mv-016,Da lo Mejor al Maestro,tempo_bpm,,Desconocido,Dato vacío → Desconocido (se traduce)
melodias_de_victoria,himno_mv-017,Algún Día lo Entenderé,tempo_bpm,,Desconocido,Dato vacío → Desconocido (se traduce)
melodias_de_victoria,himno_mv-018,Mi Oración,tempo_bpm,,Desconocido,Dato vacío → Desconocido (se traduce)
melodias_de_victoria,himno_mv-019,Cordero de Dios,tempo_bpm,,Desconocido,Dato vacío → Desconocido (se traduce)
melodias_de_victoria,himno_mv-020,Pertenezco a mi Rey,tempo_bpm,,Desconocido,Dato vacío → Desconocido (se traduce)
melodias_de_victoria,himno_mv-021,"Padre, yo Vengo a Ti",year,,Desconocido,Dato vacío → Desconocido (se traduce)
melodias_de_victoria,himno_mv-021,"Padre, yo Vengo a Ti",tempo_bpm,,Desconocido,Dato vacío → Desconocido (se traduce)
melodias_de_victoria,himno_mv-022,Me Rindo a Ti,year,,Desconocido,Dato vacío → Desconocido (se traduce)
melodias_de_victoria,himno_mv-022,Me Rindo a Ti,tempo_bpm,,Desconocido,Dato vacío → Desconocido (se traduce)
melodias_de_victoria,himno_mv-023,Todo a Jesús,tempo_bpm,,Desconocido,Dato vacío → Desconocido (se traduce)
melodias_de_victoria,himno_mv-024,Fiel yo Seré,year,,Desconocido,Dato vacío → Desconocido (se traduce)
melodias_de_victoria,himno_mv-024,Fiel yo Seré,tempo_bpm,,Desconocido,Dato vacío → Desconocido (se traduce)
melodias_de_victoria,himno_mv-025,Quiero Ser Cual Cristo,tempo_bpm,,Desconocido,Dato vacío → Desconocido (se traduce)
melodias_de_victoria,himno_mv-026,Más Semejante a Cristo,year,,Desconocido,Dato vacío → Desconocido (se traduce)
melodias_de_victoria,himno_mv-026,Más Semejante a Cristo,tempo_bpm,,Desconocido,Dato vacío → Desconocido (se traduce)
melodias_de_victoria,himno_mv-027,Mi Deber,tempo_bpm,,Desconocido,Dato vacío → Desconocido (se traduce)
melodias_de_victoria,himno_mv-028,El Cuidará de Mí,tempo_bpm,,Desconocido,Dato vacío → Desconocido (se traduce)
melodias_de_victoria,himno_mv-029,¡Cúmplase Tu Voluntad!,tempo_bpm,,Desconocido,Dato vacío → Desconocido (se traduce)
melodias_de_victoria,himno_mv-030,Ya Salvo Soy,tempo_bpm,,Desconocido,Dato vacío → Desconocido (se traduce)
melodias_de_victoria,himno_mv-031,El me Sostendrá,tempo_bpm,,Desconocido,Dato vacío → Desconocido (se traduce)
melodias_de_victoria,himno_mv-032,De Jesús el Nombre Guarda,tempo_bpm,,Desconocido,Dato vacío → Desconocido (se traduce)
melodias_de_victoria,himno_mv-033,Nombre Sin Igual,tempo_bpm,,Desconocido,Dato vacío → Desconocido (se traduce)
melodias_de_victoria,himno_mv-034,Dime la Historia de Cristo,year,,Desconocido,Dato vacío → Desconocido (se traduce)
melodias_de_victoria,himno_mv-034,Dime la Historia de Cristo,tempo_bpm,,Desconocido,Dato vacío → Desconocido (se traduce)
melodias_de_victoria,himno_mv-035,Roca de la Eternidad,tempo_bpm,,Desconocido,Dato vacío → Desconocido (se traduce)
melodias_de_victoria,himno_mv-036,Habladme Más de Cristo,year,,Desconocido,Dato vacío → Desconocido (se traduce)
melodias_de_victoria,himno_mv-036,Habladme Más de Cristo,tempo_bpm,,Desconocido,Dato vacío → Desconocido (se traduce)
melodias_de_victoria,himno_mv-037,Cariñoso Salvador,tempo_bpm,,Desconocido,Dato vacío → Desconocido (se traduce)
melodias_de_victoria,himno_mv-038,¡Cuánto Me Ama A Mí!,tempo_bpm,,Desconocido,Dato vacío → Desconocido (se traduce)
melodias_de_victoria,himno_mv-039,Todo Debo a Él,tempo_bpm,,Desconocido,Dato vacío → Desconocido (se traduce)
melodias_de_victoria,himno_mv-040,Por Mí,tempo_bpm,,Desconocido,Dato vacío → Desconocido (se traduce)
melodias_de_victoria,himno_mv-041,Yo Sé que Cristo me Ama,tempo_bpm,,Desconocido,Dato vacío → Desconocido (se traduce)
melodias_de_victoria,himno_mv-042,Tú Amarás a Cristo,tempo_bpm,,Desconocido,Dato vacío → Desconocido (se traduce)
melodias_de_victoria,himno_mv-043,Sitio Sin Igual,tempo_bpm,,Desconocido,Dato vacío → Desconocido (se traduce)
melodias_de_victoria,himno_mv-044,"¡Ven a Él, Ven a Él!",year,,Desconocido,Dato vacío → Desconocido (se traduce)
melodias_de_victoria,himno_mv-044,"¡Ven a Él, Ven a Él!",tempo_bpm,,Desconocido,Dato vacío → Desconocido (se traduce)
melodias_de_victoria,himno_mv-045,No me Pases,tempo_bpm,,Desconocido,Dato vacío → Desconocido (se traduce)
melodias_de_victoria,himno_mv-046,Jesús Y Yo,tempo_bpm,,Desconocido,Dato vacío → Desconocido (se traduce)
melodias_de_victoria,himno_mv-047,Cristo Señor,autor,,Desconocido,Dato vacío → Desconocido (se traduce)
melodias_de_victoria,himno_mv-047,Cristo Señor,year,,Desconocido,Dato vacío → Desconocido (se traduce)
melodias_de_victoria,himno_mv-047,Cristo Señor,tempo_bpm,,Desconocido,Dato vacío → Desconocido (se traduce)
melodias_de_victoria,himno_mv-048,Todo en Todo Es Jesucristo,tempo_bpm,,Desconocido,Dato vacío → Desconocido (se traduce)
melodias_de_victoria,himno_mv-049,Ningún Otro me Amó Cual Cristo,tempo_bpm,,Desconocido,Dato vacío → Desconocido (se traduce)
melodias_de_victoria,himno_mv-050,El Rostro De Mi Jesús,tempo_bpm,,Desconocido,Dato vacío → Desconocido (se traduce)
melodias_de_victoria,himno_mv-051,Cristo Es Siempre Fiel,tempo_bpm,,Desconocido,Dato vacío → Desconocido (se traduce)
melodias_de_victoria,himno_mv-052,Para Ser Cual Cristo,tempo_bpm,,Desconocido,Dato vacío → Desconocido (se traduce)
melodias_de_victoria,himno_mv-053,Siempre y Sólo Cristo,tempo_bpm,,Desconocido,Dato vacío → Desconocido (se traduce)
melodias_de_victoria,himno_mv-054,Muéstrame tu Rostro,year,,Desconocido,Dato vacío → Desconocido (se traduce)
melodias_de_victoria,himno_mv-054,Muéstrame tu Rostro,tempo_bpm,,Desconocido,Dato vacío → Desconocido (se traduce)
melodias_de_victoria,himno_mv-055,"Jesús, yo he Prometido",tempo_bpm,,Desconocido,Dato vacío → Desconocido (se traduce)
melodias_de_victoria,himno_mv-056,Me Levantó,tempo_bpm,,Desconocido,Dato vacío → Desconocido (se traduce)
melodias_de_victoria,himno_mv-057,Ropaje Espléndido,tempo_bpm,,Desconocido,Dato vacío → Desconocido (se traduce)
melodias_de_victoria,himno_mv-058,El Jardín del Corazón,tempo_bpm,,Desconocido,Dato vacío → Desconocido (se traduce)
melodias_de_victoria,himno_mv-059,Llegó Jesús,tempo_bpm,,Desconocido,Dato vacío → Desconocido (se traduce)
melodias_de_victoria,himno_mv-060,El Cristo de Nazaret,tempo_bpm,,Desconocido,Dato vacío → Desconocido (se traduce)
melodias_de_victoria,himno_mv-061,El Hijo Pródigo,year,,Desconocido,Dato vacío → Desconocido (se traduce)
melodias_de_victoria,himno_mv-061,El Hijo Pródigo,tempo_bpm,,Desconocido,Dato vacío → Desconocido (se traduce)
melodias_de_victoria,himno_mv-062,"Oh, Cristo, yo te Amo",autor,,Desconocido,Dato vacío → Desconocido (se traduce)
melodias_de_victoria,himno_mv-062,"Oh, Cristo, yo te Amo",year,,Desconocido,Dato vacío → Desconocido (se traduce)
melodias_de_victoria,himno_mv-062,"Oh, Cristo, yo te Amo",tempo_bpm,,Desconocido,Dato vacío → Desconocido (se traduce)
melodias_de_victoria,himno_mv-063,Cristo Es el Todo,tempo_bpm,,Desconocido,Dato vacío → Desconocido (se traduce)
melodias_de_victoria,himno_mv-064,La Cruz de Jesús,tempo_bpm,,Desconocido,Dato vacío → Desconocido (se traduce)
melodias_de_victoria,himno_mv-065,Yo Ando con Cristo,tempo_bpm,,Desconocido,Dato vacío → Desconocido (se traduce)
melodias_de_victoria,himno_mv-066,Necesito de Cristo el Salvador,autor,,Desconocido,Dato vacío → Desconocido (se traduce)
melodias_de_victoria,himno_mv-066,Necesito de Cristo el Salvador,tempo_bpm,,Desconocido,Dato vacío → Desconocido (se traduce)
innario,inno-038,L'Iddio di Abraham,referencia_biblica,Giovanni 3:16; Romani 8:38-39,"Giovanni 3:16; Romani 8:38-39; Esodo 3:14, 15",Unificación de citas con los equivalentes de otros libros
innario,inno-428,"Silenzio, silenzio",referencia_biblica,Habacuc 2:20,Habacuc 2:20; Salmo 46:10,Unificación de citas con los equivalentes de otros libros
innario,inno-425,Shalom,referencia_biblica,Giovanni 20:21,Giovanni 20:21; Numeri 6:24-26,Unificación de citas con los equivalentes de otros libros
innario,inno-277,"Meco dimora, o Dio consolatore",referencia_biblica,Efesini 2:8-9; 1 Giovanni 1:9,Efesini 2:8-9; 1 Giovanni 1:9; Luca 24:29,Unificación de citas con los equivalentes de otros libros
innario,inno-420,Santo è il mio Signor,referencia_biblica,Apocalisse 4:8; Matteo 28:19,"Apocalisse 4:8; Matteo 28:19; Apocalisse 4:8, 11",Unificación de citas con los equivalentes de otros libros
innario,inno-137,"Venite, fedeli, lieti ed esultanti",referencia_biblica,Luca 2:1-20; Matteo 1:18-23,Luca 2:1-20; Matteo 1:18-23; Matteo 2:11,Unificación de citas con los equivalentes de otros libros
innario,inno-125,Siam tre re,referencia_biblica,Luca 2:1-20; Matteo 1:18-23,"Luca 2:1-20; Matteo 1:18-23; Matteo 2:1, 2, 11",Unificación de citas con los equivalentes de otros libros
innario,inno-144,È risorto oggi il Signor,referencia_biblica,1 Corinzi 15:3-4; Matteo 28:5-7,1 Corinzi 15:3-4; Matteo 28:5-7; Atti 2:24,Unificación de citas con los equivalentes de otros libros
innario,inno-112,Narratemi la storia,referencia_biblica,Luca 2:1-20; Matteo 1:18-23,Luca 2:1-20; Matteo 1:18-23; 1 Timoteo 1:15,Unificación de citas con los equivalentes de otros libros
innario,inno-200,Gesù ama,referencia_biblica,Giovanni 3:16,Giovanni 3:16; Efesini 5:2; Matteo 19:14; Marco 10:14; Giovanni 15:15,Unificación de citas con los equivalentes de otros libros
innario,inno-286,"È così dolce il nome tuo, Gesù",referencia_biblica,Efesini 2:8-9; 1 Giovanni 1:9,Efesini 2:8-9; 1 Giovanni 1:9; Matteo 1:23,Unificación de citas con los equivalentes de otros libros
innario,inno-161,Gioia nei nostri cuor,referencia_biblica,Giovanni 14:1-3; 1 Tessalonicesi 4:16-17,Giovanni 14:1-3; 1 Tessalonicesi 4:16-17; Apocalisse 19:12,Unificación de citas con los equivalentes de otros libros
innario,inno-518,Maestà,referencia_biblica,Efesini 1:20-23; Rivelazione 5:12,Efesini 1:20-23; Rivelazione 5:12; Giuda 1:25,Unificación de citas con los equivalentes de otros libros
innario,inno-149,Veder Cristo faccia a faccia,referencia_biblica,Giovanni 14:1-3; 1 Tessalonicesi 4:16-17,Giovanni 14:1-3; 1 Tessalonicesi 4:16-17; Apocalisse 22:4,Unificación de citas con los equivalentes de otros libros
innario,inno-099,Teneramente,referencia_biblica,Isaia 53:4-6; Efesini 2:8-9,Isaia 53:4-6; Efesini 2:8-9; Matteo 11:28,Unificación de citas con los equivalentes de otros libros
innario,inno-075,"Prendi, o Dio, la vita mia",referencia_biblica,Giovanni 3:16; Efesini 2:8-9,Giovanni 3:16; Efesini 2:8-9; Filippesi 1:21,Unificación de citas con los equivalentes de otros libros
innario,inno-305,"Così qual sono, Signore mio Re",referencia_biblica,Giovanni 6:37,Giovanni 6:37; Luca 18:13,Unificación de citas con los equivalentes de otros libros
innario,inno-311,"Così qual sono, pien di peccato",referencia_biblica,Giovanni 6:37,Giovanni 6:37; Luca 18:13,Unificación de citas con los equivalentes de otros libros
innario,inno-297,Redento,referencia_biblica,Efesini 2:8-9; 1 Giovanni 1:9,Efesini 2:8-9; 1 Giovanni 1:9; Lamentazioni 3:58,Unificación de citas con los equivalentes de otros libros
innario,inno-403,La storia di Gesù,referencia_biblica,Ebrei 11:1; Romani 5:1-5,Ebrei 11:1; Romani 5:1-5; Salmo 66:16,Unificación de citas con los equivalentes de otros libros
innario,inno-272,Stupenda grazia di Gesù,referencia_biblica,Efesini 2:8-9,"Efesini 2:8-9; 1 Cronache 17:16, 17",Unificación de citas con los equivalentes de otros libros
innario,inno-372,Sulle rive di quel fiume,referencia_biblica,Apocalisse 21:1-4; Filippesi 3:20-21,Apocalisse 21:1-4; Filippesi 3:20-21; Apocalisse 22:1,Unificación de citas con los equivalentes de otros libros
innario,inno-383,Al di là del sol,referencia_biblica,Ebrei 11:1; Romani 5:1-5,Ebrei 11:1; Romani 5:1-5; 1 Corinzi 2:9,Unificación de citas con los equivalentes de otros libros
innario,inno-022,A volte sento un canto,referencia_biblica,Genesi 1:1-31; Salmo 19:1-7,"Genesi 1:1-31; Salmo 19:1-7; Apocalisse 15:2, 3",Unificación de citas con los equivalentes de otros libros
innario,inno-333,Com'è dolce la preghiera,referencia_biblica,Filippesi 4:6-7; Matteo 7:7-8,Filippesi 4:6-7; Matteo 7:7-8; Efesini 6:18; 1 Tessalonicesi 5:17,Unificación de citas con los equivalentes de otros libros
innario,inno-067,Quale amico è il Signor Gesù,referencia_biblica,Giovanni 15:13-15,Giovanni 15:13-15; Filippesi 4:6,Unificación de citas con los equivalentes de otros libros
innario,inno-255,Quale amico in Cristo abbiamo,referencia_biblica,Filipenses 4:6,Filipenses 4:6; Giovanni 15:13-15,Unificación de citas con los equivalentes de otros libros
innario,inno-319,Cammino da solo in giardino,referencia_biblica,Matteo 26:36-46,Matteo 26:36-46; Marco 1:35,Unificación de citas con los equivalentes de otros libros
innario,inno-539,"Son io, Signor",referencia_biblica,Luca 18:13; 1 Pietro 5:6,Luca 18:13; 1 Pietro 5:6; Luca 18:1,Unificación de citas con los equivalentes de otros libros
innario,inno-401,Mi prendi per la mano,referencia_biblica,Ebrei 11:1; Romani 5:1-5,Ebrei 11:1; Romani 5:1-5; Isaia 41:13,Unificación de citas con los equivalentes de otros libros
innario,inno-536,Side by side,referencia_biblica,Filippesi 1:27; 1 Tessalonicesi 4:17,Filippesi 1:27; 1 Tessalonicesi 4:17; Giovanni 17:21,Unificación de citas con los equivalentes de otros libros
innario,inno-371,Son straniero in questa terra,referencia_biblica,Apocalisse 21:1-4; Filippesi 3:20-21,Apocalisse 21:1-4; Filippesi 3:20-21; 2 Corinzi 5:20,Unificación de citas con los equivalentes de otros libros
innario,inno-367,Sto pensando alla bella mia patria,referencia_biblica,Apocalisse 21:1-4; Filippesi 3:20-21,Apocalisse 21:1-4; Filippesi 3:20-21; Daniele 12:3,Unificación de citas con los equivalentes de otros libros
innario,inno-219,Odi tu l'appello del Signore,referencia_biblica,Marco 10:13-16; Matteo 28:19-20,Marco 10:13-16; Matteo 28:19-20; Isaia 6:8,Unificación de citas con los equivalentes de otros libros
innario,inno-448,Spezziamo il pane,referencia_biblica,Atti 2:46; Luca 18:13,Atti 2:46; Luca 18:13; 1 Corinzi 11:23-25,Unificación de citas con los equivalentes de otros libros
innario,inno-435,È la casa un paradiso,referencia_biblica,Giosuè 24:15,Giosuè 24:15; Efesini 5:25,Unificación de citas con los equivalentes de otros libros
innario,inno-436,Fra bei palagi e ville,referencia_biblica,Ebrei 11:16,Ebrei 11:16; 2 Timoteo 1:5,Unificación de citas con los equivalentes de otros libros
innario,inno-115,Se leggo il Vangelo penso a Gesù,referencia_biblica,Luca 2:1-20; Matteo 1:18-23,Luca 2:1-20; Matteo 1:18-23; Matteo 19:14,Unificación de citas con los equivalentes de otros libros
innario,inno-427,Sette volte amen,referencia_biblica,Apocalisse 7:12,Apocalisse 7:12; Salmo 72:19,Unificación de citas con los equivalentes de otros libros
innario,inno-022,A volte sento un canto,autor,Desconocido,Eben E. Rexford,Completado desde Himnario 2009 (himno-339): el equivalente lo tiene y aquí estaba vacío/Desconocido
innario,inno-022,A volte sento un canto,compositor,Desconocido,Ira David Sankey,Completado desde Himnario 2009 (himno-339): el equivalente lo tiene y aquí estaba vacío/Desconocido
innario,inno-022,A volte sento un canto,year,Desconocido,1901,Completado desde Himnario 2009 (himno-339): el equivalente lo tiene y aquí estaba vacío/Desconocido
innario,inno-038,L'Iddio di Abraham,autor,Desconocido,Thomas Olivers,Completado desde Himnario 2009 (himno-010): el equivalente lo tiene y aquí estaba vacío/Desconocido
innario,inno-038,L'Iddio di Abraham,compositor,Desconocido,Melodía tradicional judía,Completado desde Himnario 2009 (himno-010): el equivalente lo tiene y aquí estaba vacío/Desconocido
innario,inno-067,Quale amico è il Signor Gesù,compositor,Desconocido,Charles C. Converse,Completado desde Himnario 2009 (himno-378): el equivalente lo tiene y aquí estaba vacío/Desconocido
innario,inno-067,Quale amico è il Signor Gesù,year,Desconocido,1855,Completado desde Himnario 2009 (himno-378): el equivalente lo tiene y aquí estaba vacío/Desconocido
innario,inno-075,"Prendi, o Dio, la vita mia",autor,Desconocido,Frances Ridley Havergal,Completado desde Himnario 2009 (himno-248): el equivalente lo tiene y aquí estaba vacío/Desconocido
innario,inno-075,"Prendi, o Dio, la vita mia",compositor,Desconocido,William J. Kirkpatrick,Completado desde Himnario 2009 (himno-248): el equivalente lo tiene y aquí estaba vacío/Desconocido
innario,inno-075,"Prendi, o Dio, la vita mia",year,Desconocido,1874,Completado desde Himnario 2009 (himno-248): el equivalente lo tiene y aquí estaba vacío/Desconocido
innario,inno-099,Teneramente,autor,Desconocido,Will L. Thompson,Completado desde Himnario 2009 (himno-213): el equivalente lo tiene y aquí estaba vacío/Desconocido
innario,inno-099,Teneramente,compositor,Desconocido,Will L. Thompson,Completado desde Himnario 2009 (himno-213): el equivalente lo tiene y aquí estaba vacío/Desconocido
innario,inno-099,Teneramente,year,Desconocido,1880,Completado desde Himnario 2009 (himno-213): el equivalente lo tiene y aquí estaba vacío/Desconocido
innario,inno-112,Narratemi la storia,autor,Desconocido,A. Katherine Hankey,Completado desde Himnario 2009 (himno-114): el equivalente lo tiene y aquí estaba vacío/Desconocido
innario,inno-112,Narratemi la storia,compositor,Desconocido,William Howard Doane,Completado desde Himnario 2009 (himno-114): el equivalente lo tiene y aquí estaba vacío/Desconocido
innario,inno-112,Narratemi la storia,year,Desconocido,1866,Completado desde Himnario 2009 (himno-114): el equivalente lo tiene y aquí estaba vacío/Desconocido
innario,inno-115,Se leggo il Vangelo penso a Gesù,autor,Desconocido,Jemina T. Luke,Completado desde Himnario 2009 (himno-601): el equivalente lo tiene y aquí estaba vacío/Desconocido
innario,inno-115,Se leggo il Vangelo penso a Gesù,compositor,Desconocido,William B. Bradbury,Completado desde Himnario 2009 (himno-601): el equivalente lo tiene y aquí estaba vacío/Desconocido
innario,inno-120,"Tu piccola città, Betlem",autor,Desconocido,Phillips Brooks,Completado desde Himnario 2009 (himno-88): el equivalente lo tiene y aquí estaba vacío/Desconocido
innario,inno-120,"Tu piccola città, Betlem",compositor,Desconocido,Lewis H. Redner,Completado desde Himnario 2009 (himno-88): el equivalente lo tiene y aquí estaba vacío/Desconocido
innario,inno-120,"Tu piccola città, Betlem",year,Desconocido,1868,Completado desde Himnario 2009 (himno-88): el equivalente lo tiene y aquí estaba vacío/Desconocido
innario,inno-125,Siam tre re,autor,Desconocido,John H. Hopkins,Completado desde Himnario 2009 (himno-90): el equivalente lo tiene y aquí estaba vacío/Desconocido
innario,inno-125,Siam tre re,compositor,Desconocido,John H. Hopkins,Completado desde Himnario 2009 (himno-90): el equivalente lo tiene y aquí estaba vacío/Desconocido
innario,inno-125,Siam tre re,year,Desconocido,1857,Completado desde Himnario 2009 (himno-90): el equivalente lo tiene y aquí estaba vacío/Desconocido
innario,inno-127,Dal cielo scesero gli angeli,compositor,Desconocido,Villancico tradicional francés,Completado desde Himnario 2009 (himno-92): el equivalente lo tiene y aquí estaba vacío/Desconocido
innario,inno-131,"Va, dillo a tutto il mondo",autor,Desconocido,Negro Spiritual,Completado desde Himnario 2009 (himno-84): el equivalente lo tiene y aquí estaba vacío/Desconocido
innario,inno-131,"Va, dillo a tutto il mondo",compositor,Desconocido,Negro Spiritual,Completado desde Himnario 2009 (himno-84): el equivalente lo tiene y aquí estaba vacío/Desconocido
innario,inno-137,"Venite, fedeli, lieti ed esultanti",autor,Desconocido,John F. Wade,Completado desde Himnario 2009 (himno-87): el equivalente lo tiene y aquí estaba vacío/Desconocido
innario,inno-137,"Venite, fedeli, lieti ed esultanti",compositor,Desconocido,"Cantus Diversi, John F. Wade, 1751",Completado desde Himnario 2009 (himno-87): el equivalente lo tiene y aquí estaba vacío/Desconocido
innario,inno-137,"Venite, fedeli, lieti ed esultanti",year,Desconocido,1751,Completado desde Himnario 2009 (himno-87): el equivalente lo tiene y aquí estaba vacío/Desconocido
innario,inno-144,È risorto oggi il Signor,autor,Desconocido,Charles Wesley,Completado desde Himnario 2009 (himno-105): el equivalente lo tiene y aquí estaba vacío/Desconocido
innario,inno-144,È risorto oggi il Signor,compositor,Desconocido,Lyra Davidica,Completado desde Himnario 2009 (himno-105): el equivalente lo tiene y aquí estaba vacío/Desconocido
innario,inno-144,È risorto oggi il Signor,year,Desconocido,1739,Completado desde Himnario 2009 (himno-105): el equivalente lo tiene y aquí estaba vacío/Desconocido
innario,inno-149,Veder Cristo faccia a faccia,autor,Desconocido,Carrie E. Breck,Completado desde Himnario 2009 (himno-162): el equivalente lo tiene y aquí estaba vacío/Desconocido
innario,inno-149,Veder Cristo faccia a faccia,compositor,Desconocido,Grant Colfax Tullar,Completado desde Himnario 2009 (himno-162): el equivalente lo tiene y aquí estaba vacío/Desconocido
innario,inno-149,Veder Cristo faccia a faccia,year,Desconocido,1898,Completado desde Himnario 2009 (himno-162): el equivalente lo tiene y aquí estaba vacío/Desconocido
innario,inno-161,Gioia nei nostri cuor,autor,Desconocido,Matthew Bridges; Godfrey Thring,Completado desde Himnario 2009 (himno-156): el equivalente lo tiene y aquí estaba vacío/Desconocido
innario,inno-161,Gioia nei nostri cuor,compositor,Desconocido,George J. Elvey,Completado desde Himnario 2009 (himno-156): el equivalente lo tiene y aquí estaba vacío/Desconocido
innario,inno-161,Gioia nei nostri cuor,year,Desconocido,1868,Completado desde Himnario 2009 (himno-156): el equivalente lo tiene y aquí estaba vacío/Desconocido
innario,inno-200,Gesù ama,autor,Desconocido,Anna Bartlett Warner,Completado desde Himnario 2009 (himno-119): el equivalente lo tiene y aquí estaba vacío/Desconocido
innario,inno-200,Gesù ama,compositor,Desconocido,William Batchelder Bradbury,Completado desde Himnario 2009 (himno-119): el equivalente lo tiene y aquí estaba vacío/Desconocido
innario,inno-200,Gesù ama,year,Desconocido,1862,Completado desde Himnario 2009 (himno-119): el equivalente lo tiene y aquí estaba vacío/Desconocido
innario,inno-219,Odi tu l'appello del Signore,autor,Desconocido,Daniel March,Completado desde Himnario 2009 (himno-563): el equivalente lo tiene y aquí estaba vacío/Desconocido
innario,inno-219,Odi tu l'appello del Signore,compositor,Desconocido,Franklin E. Belden,Completado desde Himnario 2009 (himno-563): el equivalente lo tiene y aquí estaba vacío/Desconocido
innario,inno-219,Odi tu l'appello del Signore,year,Desconocido,1868,Completado desde Himnario 2009 (himno-563): el equivalente lo tiene y aquí estaba vacío/Desconocido
innario,inno-245,Rocca eterna vengo a te,autor,Desconocido,Augustus M. Toplady,Completado desde Himnario 2009 (himno-307): el equivalente lo tiene y aquí estaba vacío/Desconocido
innario,inno-245,Rocca eterna vengo a te,compositor,Desconocido,Thomas Hastings,Completado desde Himnario 2009 (himno-307): el equivalente lo tiene y aquí estaba vacío/Desconocido
innario,inno-245,Rocca eterna vengo a te,year,Desconocido,1776,Completado desde Himnario 2009 (himno-307): el equivalente lo tiene y aquí estaba vacío/Desconocido
innario,inno-255,Quale amico in Cristo abbiamo,year,Desconocido,1855,Completado desde Himnario 2009 (himno-378): el equivalente lo tiene y aquí estaba vacío/Desconocido
innario,inno-270,Grazia infinita del mio Signor,autor,Desconocido,Julia H. Johnston,Completado desde Himnario 2009 (himno-305): el equivalente lo tiene y aquí estaba vacío/Desconocido
innario,inno-270,Grazia infinita del mio Signor,compositor,Desconocido,Daniel B. Towner,Completado desde Himnario 2009 (himno-305): el equivalente lo tiene y aquí estaba vacío/Desconocido
innario,inno-270,Grazia infinita del mio Signor,year,Desconocido,1911,Completado desde Himnario 2009 (himno-305): el equivalente lo tiene y aquí estaba vacío/Desconocido
innario,inno-272,Stupenda grazia di Gesù,autor,Desconocido,John Newton,Completado desde Himnario 2009 (himno-303): el equivalente lo tiene y aquí estaba vacío/Desconocido
innario,inno-272,Stupenda grazia di Gesù,compositor,Desconocido,"Virginia Harmony, 1831",Completado desde Himnario 2009 (himno-303): el equivalente lo tiene y aquí estaba vacío/Desconocido
innario,inno-272,Stupenda grazia di Gesù,year,Desconocido,1779,Completado desde Himnario 2009 (himno-303): el equivalente lo tiene y aquí estaba vacío/Desconocido
innario,inno-277,"Meco dimora, o Dio consolatore",autor,Desconocido,Henry F. Lyte,Completado desde Himnario 2009 (himno-052): el equivalente lo tiene y aquí estaba vacío/Desconocido
innario,inno-277,"Meco dimora, o Dio consolatore",compositor,Desconocido,William H. Monk,Completado desde Himnario 2009 (himno-052): el equivalente lo tiene y aquí estaba vacío/Desconocido
innario,inno-277,"Meco dimora, o Dio consolatore",year,Desconocido,1847,Completado desde Himnario 2009 (himno-052): el equivalente lo tiene y aquí estaba vacío/Desconocido
innario,inno-286,"È così dolce il nome tuo, Gesù",autor,Desconocido,William C. Martin,Completado desde Himnario 2009 (himno-128): el equivalente lo tiene y aquí estaba vacío/Desconocido
innario,inno-286,"È così dolce il nome tuo, Gesù",compositor,Desconocido,Edmund S. Lorenz,Completado desde Himnario 2009 (himno-128): el equivalente lo tiene y aquí estaba vacío/Desconocido
innario,inno-286,"È così dolce il nome tuo, Gesù",year,Desconocido,1901,Completado desde Himnario 2009 (himno-128): el equivalente lo tiene y aquí estaba vacío/Desconocido
innario,inno-297,Redento,autor,Desconocido,Fanny J. Crosby,Completado desde Himnario 2009 (himno-297): el equivalente lo tiene y aquí estaba vacío/Desconocido
innario,inno-297,Redento,compositor,Desconocido,A. L. Butler,Completado desde Himnario 2009 (himno-297): el equivalente lo tiene y aquí estaba vacío/Desconocido
innario,inno-297,Redento,year,Desconocido,1967,Completado desde Himnario 2009 (himno-297): el equivalente lo tiene y aquí estaba vacío/Desconocido
innario,inno-305,"Così qual sono, Signore mio Re",autor,Desconocido,Charlotte Elliott,Completado desde Himnario 2009 (himno-249): el equivalente lo tiene y aquí estaba vacío/Desconocido
innario,inno-305,"Così qual sono, Signore mio Re",year,Desconocido,1836,Completado desde Himnario 2009 (himno-249): el equivalente lo tiene y aquí estaba vacío/Desconocido
innario,inno-311,"Così qual sono, pien di peccato",autor,Desconocido,Charlotte Elliott,Completado desde Himnario 2009 (himno-249): el equivalente lo tiene y aquí estaba vacío/Desconocido
innario,inno-311,"Così qual sono, pien di peccato",year,Desconocido,1836,Completado desde Himnario 2009 (himno-249): el equivalente lo tiene y aquí estaba vacío/Desconocido
innario,inno-319,Cammino da solo in giardino,autor,Desconocido,Charles Austin Miles,Completado desde Himnario 2009 (himno-382): el equivalente lo tiene y aquí estaba vacío/Desconocido
innario,inno-319,Cammino da solo in giardino,compositor,Desconocido,Charles Austin Miles,Completado desde Himnario 2009 (himno-382): el equivalente lo tiene y aquí estaba vacío/Desconocido
innario,inno-333,Com'è dolce la preghiera,autor,Desconocido,William W. Walford,Completado desde Himnario 2009 (himno-376): el equivalente lo tiene y aquí estaba vacío/Desconocido
innario,inno-333,Com'è dolce la preghiera,compositor,Desconocido,William B. Bradbury,Completado desde Himnario 2009 (himno-376): el equivalente lo tiene y aquí estaba vacío/Desconocido
innario,inno-333,Com'è dolce la preghiera,year,Desconocido,1842,Completado desde Himnario 2009 (himno-376): el equivalente lo tiene y aquí estaba vacío/Desconocido
innario,inno-340,Più presso a te,autor,Desconocido,Sara F. Adams,Completado desde Himnario 2009 (himno-446): el equivalente lo tiene y aquí estaba vacío/Desconocido
innario,inno-340,Più presso a te,compositor,Desconocido,Lowell Mason,Completado desde Himnario 2009 (himno-446): el equivalente lo tiene y aquí estaba vacío/Desconocido
innario,inno-340,Più presso a te,year,Desconocido,1841,Completado desde Himnario 2009 (himno-446): el equivalente lo tiene y aquí estaba vacío/Desconocido
innario,inno-367,Sto pensando alla bella mia patria,autor,Desconocido,Eliza E. Hewitt,Completado desde Himnario 2009 (himno-555): el equivalente lo tiene y aquí estaba vacío/Desconocido
innario,inno-367,Sto pensando alla bella mia patria,compositor,Desconocido,John R. Sweney,Completado desde Himnario 2009 (himno-555): el equivalente lo tiene y aquí estaba vacío/Desconocido
innario,inno-367,Sto pensando alla bella mia patria,year,Desconocido,1897,Completado desde Himnario 2009 (himno-555): el equivalente lo tiene y aquí estaba vacío/Desconocido
innario,inno-371,Son straniero in questa terra,autor,Desconocido,Elijah Taylor Cassel,Completado desde Himnario 2009 (himno-551): el equivalente lo tiene y aquí estaba vacío/Desconocido
innario,inno-371,Son straniero in questa terra,compositor,Desconocido,Flora H. Cassel,Completado desde Himnario 2009 (himno-551): el equivalente lo tiene y aquí estaba vacío/Desconocido
innario,inno-371,Son straniero in questa terra,year,Desconocido,1902,Completado desde Himnario 2009 (himno-551): el equivalente lo tiene y aquí estaba vacío/Desconocido
innario,inno-372,Sulle rive di quel fiume,autor,Desconocido,Robert Lowry,Completado desde Himnario 2009 (himno-328): el equivalente lo tiene y aquí estaba vacío/Desconocido
innario,inno-372,Sulle rive di quel fiume,compositor,Desconocido,Robert Lowry,Completado desde Himnario 2009 (himno-328): el equivalente lo tiene y aquí estaba vacío/Desconocido
innario,inno-372,Sulle rive di quel fiume,year,Desconocido,1864,Completado desde Himnario 2009 (himno-328): el equivalente lo tiene y aquí estaba vacío/Desconocido
innario,inno-383,Al di là del sol,autor,Desconocido,Emiliano Ponce,Completado desde Himnario 2009 (himno-333): el equivalente lo tiene y aquí estaba vacío/Desconocido
innario,inno-383,Al di là del sol,compositor,Desconocido,Emiliano Ponce,Completado desde Himnario 2009 (himno-333): el equivalente lo tiene y aquí estaba vacío/Desconocido
innario,inno-383,Al di là del sol,year,Desconocido,1950,Completado desde Himnario 2009 (himno-333): el equivalente lo tiene y aquí estaba vacío/Desconocido
innario,inno-394,Forte rocca,year,Desconocido,1529,Completado desde Himnario 2009 (himno-400): el equivalente lo tiene y aquí estaba vacío/Desconocido
innario,inno-397,L'Eterno è il mio pastore,compositor,Desconocido,Ira David Sankey,Completado desde Himnario 2009 (himno-422): el equivalente lo tiene y aquí estaba vacío/Desconocido
innario,inno-397,L'Eterno è il mio pastore,year,Desconocido,1876,Completado desde Himnario 2009 (himno-422): el equivalente lo tiene y aquí estaba vacío/Desconocido
innario,inno-401,Mi prendi per la mano,autor,Desconocido,Thomas A. Dorsey,Completado desde Himnario 2009 (himno-479): el equivalente lo tiene y aquí estaba vacío/Desconocido
innario,inno-401,Mi prendi per la mano,compositor,Desconocido,George N. Allen,Completado desde Himnario 2009 (himno-479): el equivalente lo tiene y aquí estaba vacío/Desconocido
innario,inno-401,Mi prendi per la mano,year,Desconocido,1932,Completado desde Himnario 2009 (himno-479): el equivalente lo tiene y aquí estaba vacío/Desconocido
innario,inno-403,La storia di Gesù,autor,Desconocido,Katherine Hankey,Completado desde Himnario 2009 (himno-302): el equivalente lo tiene y aquí estaba vacío/Desconocido
innario,inno-403,La storia di Gesù,compositor,Desconocido,William G. Fischer,Completado desde Himnario 2009 (himno-302): el equivalente lo tiene y aquí estaba vacío/Desconocido
innario,inno-403,La storia di Gesù,year,Desconocido,1866,Completado desde Himnario 2009 (himno-302): el equivalente lo tiene y aquí estaba vacío/Desconocido
innario,inno-410,"Santo, Santo, Santo",autor,Desconocido,Reginald Heber,Completado desde Himnario 2009 (himno-061): el equivalente lo tiene y aquí estaba vacío/Desconocido
innario,inno-410,"Santo, Santo, Santo",compositor,Desconocido,John B. Dykes,Completado desde Himnario 2009 (himno-061): el equivalente lo tiene y aquí estaba vacío/Desconocido
innario,inno-410,"Santo, Santo, Santo",year,Desconocido,1826,Completado desde Himnario 2009 (himno-061): el equivalente lo tiene y aquí estaba vacío/Desconocido
innario,inno-420,Santo è il mio Signor,autor,Desconocido,John Philipp Neumann,Completado desde Himnario 2009 (himno-062): el equivalente lo tiene y aquí estaba vacío/Desconocido
innario,inno-420,Santo è il mio Signor,compositor,Desconocido,Franz P. Schubert,Completado desde Himnario 2009 (himno-062): el equivalente lo tiene y aquí estaba vacío/Desconocido
innario,inno-420,Santo è il mio Signor,year,Desconocido,1827,Completado desde Himnario 2009 (himno-062): el equivalente lo tiene y aquí estaba vacío/Desconocido
innario,inno-425,Shalom,autor,Desconocido,Wayne Hooper,Completado desde Himnario 2009 (himno-040): el equivalente lo tiene y aquí estaba vacío/Desconocido
innario,inno-425,Shalom,compositor,Desconocido,Melodía tradicional hebrea,Completado desde Himnario 2009 (himno-040): el equivalente lo tiene y aquí estaba vacío/Desconocido
innario,inno-425,Shalom,year,Desconocido,1974,Completado desde Himnario 2009 (himno-040): el equivalente lo tiene y aquí estaba vacío/Desconocido
innario,inno-428,"Silenzio, silenzio",autor,Desconocido,Fanny J. Crosby,Completado desde Himnario 2009 (himno-023): el equivalente lo tiene y aquí estaba vacío/Desconocido
innario,inno-428,"Silenzio, silenzio",compositor,Desconocido,William H. Doane,Completado desde Himnario 2009 (himno-023): el equivalente lo tiene y aquí estaba vacío/Desconocido
innario,inno-435,È la casa un paradiso,autor,Desconocido,"Henry Ware, Jr.",Completado desde Himnario 2009 (himno-592): el equivalente lo tiene y aquí estaba vacío/Desconocido
innario,inno-435,È la casa un paradiso,compositor,Desconocido,John B. Dykes,Completado desde Himnario 2009 (himno-592): el equivalente lo tiene y aquí estaba vacío/Desconocido
innario,inno-435,È la casa un paradiso,year,Desconocido,1866,Completado desde Himnario 2009 (himno-592): el equivalente lo tiene y aquí estaba vacío/Desconocido
innario,inno-448,Spezziamo il pane,autor,Desconocido,Negro Spiritual,Completado desde Himnario 2009 (himno-585): el equivalente lo tiene y aquí estaba vacío/Desconocido
innario,inno-450,Come la cerva,autor,Desconocido,Martin Nystrom,Completado desde Himnario 2009 (himno-432): el equivalente lo tiene y aquí estaba vacío/Desconocido
innario,inno-450,Come la cerva,compositor,Desconocido,Martin Nystrom,Completado desde Himnario 2009 (himno-432): el equivalente lo tiene y aquí estaba vacío/Desconocido
innario,inno-450,Come la cerva,year,Desconocido,1984,Completado desde Himnario 2009 (himno-432): el equivalente lo tiene y aquí estaba vacío/Desconocido
innario,inno-466,Erano novantanove,autor,Desconocido,Elizabeth C. Clephane,Completado desde Himnario 2009 (himno-126): el equivalente lo tiene y aquí estaba vacío/Desconocido
innario,inno-466,Erano novantanove,compositor,Desconocido,Ira D. Sankey,Completado desde Himnario 2009 (himno-126): el equivalente lo tiene y aquí estaba vacío/Desconocido
innario,inno-466,Erano novantanove,year,Desconocido,1868,Completado desde Himnario 2009 (himno-126): el equivalente lo tiene y aquí estaba vacío/Desconocido
innario,inno-476,Apri i miei occhi,autor,Desconocido,Robert Cull,Completado desde Himnario 2009 (himno-030): el equivalente lo tiene y aquí estaba vacío/Desconocido
innario,inno-476,Apri i miei occhi,compositor,Desconocido,Robert Cull,Completado desde Himnario 2009 (himno-030): el equivalente lo tiene y aquí estaba vacío/Desconocido
innario,inno-476,Apri i miei occhi,year,Desconocido,1976,Completado desde Himnario 2009 (himno-030): el equivalente lo tiene y aquí estaba vacío/Desconocido
innario,inno-518,Maestà,year,Desconocido,1981,Completado desde Himnario 2009 (himno-157): el equivalente lo tiene y aquí estaba vacío/Desconocido
innario,inno-536,Side by side,year,Desconocido,1972,Completado desde Himnario 2009 (himno-485): el equivalente lo tiene y aquí estaba vacío/Desconocido
innario,inno-001,Un nuovo canto a te innalziamo,tonalidad,,Desconocido,Dato vacío → Desconocido (se traduce)
innario,inno-001,Un nuovo canto a te innalziamo,tempo_bpm,,Desconocido,Dato vacío → Desconocido (se traduce)
innario,inno-001,Un nuovo canto a te innalziamo,compas,,Desconocido,Dato vacío → Desconocido (se traduce)
innario,inno-002,Innalziamo lodi al Signor,tonalidad,,Desconocido,Dato vacío → Desconocido (se traduce)
innario,inno-002,Innalziamo lodi al Signor,tempo_bpm,,Desconocido,Dato vacío → Desconocido (se traduce)
innario,inno-002,Innalziamo lodi al Signor,compas,,Desconocido,Dato vacío → Desconocido (se traduce)
innario,inno-003,Cantiamo con gioia a te,tonalidad,,Desconocido,Dato vacío → Desconocido (se traduce)
innario,inno-003,Cantiamo con gioia a te,tempo_bpm,,Desconocido,Dato vacío → Desconocido (se traduce)
innario,inno-003,Cantiamo con gioia a te,compas,,Desconocido,Dato vacío → Desconocido (se traduce)
innario,inno-004,Dio di grazia,tonalidad,,Desconocido,Dato vacío → Desconocido (se traduce)
innario,inno-004,Dio di grazia,tempo_bpm,,Desconocido,Dato vacío → Desconocido (se traduce)
innario,inno-004,Dio di grazia,compas,,Desconocido,Dato vacío → Desconocido (se traduce)
innario,inno-005,"Deh, cantate lodi eterne",tonalidad,,Desconocido,Dato vacío → Desconocido (se traduce)
innario,inno-005,"Deh, cantate lodi eterne",tempo_bpm,,Desconocido,Dato vacío → Desconocido (se traduce)
innario,inno-005,"Deh, cantate lodi eterne",compas,,Desconocido,Dato vacío → Desconocido (se traduce)
innario,inno-006,"L'Eterno, Dio del cielo",tonalidad,,Desconocido,Dato vacío → Desconocido (se traduce)
innario,inno-006,"L'Eterno, Dio del cielo",tempo_bpm,,Desconocido,Dato vacío → Desconocido (se traduce)
innario,inno-006,"L'Eterno, Dio del cielo",compas,,Desconocido,Dato vacío → Desconocido (se traduce)
innario,inno-007,"A te, Signor, s'innalzino",tonalidad,,Desconocido,Dato vacío → Desconocido (se traduce)
innario,inno-007,"A te, Signor, s'innalzino",tempo_bpm,,Desconocido,Dato vacío → Desconocido (se traduce)
innario,inno-007,"A te, Signor, s'innalzino",compas,,Desconocido,Dato vacío → Desconocido (se traduce)
innario,inno-008,"A te, Signore d'amore",tonalidad,,Desconocido,Dato vacío → Desconocido (se traduce)
innario,inno-008,"A te, Signore d'amore",tempo_bpm,,Desconocido,Dato vacío → Desconocido (se traduce)
innario,inno-008,"A te, Signore d'amore",compas,,Desconocido,Dato vacío → Desconocido (se traduce)
innario,inno-009,Per la tua benignità,tonalidad,,Desconocido,Dato vacío → Desconocido (se traduce)
innario,inno-009,Per la tua benignità,tempo_bpm,,Desconocido,Dato vacío → Desconocido (se traduce)
innario,inno-009,Per la tua benignità,compas,,Desconocido,Dato vacío → Desconocido (se traduce)
innario,inno-010,Al Signor dell'universo,tonalidad,,Desconocido,Dato vacío → Desconocido (se traduce)
innario,inno-010,Al Signor dell'universo,tempo_bpm,,Desconocido,Dato vacío → Desconocido (se traduce)
innario,inno-010,Al Signor dell'universo,compas,,Desconocido,Dato vacío → Desconocido (se traduce)
innario,inno-011,A Dio cantate un canto nuovo,tonalidad,,Desconocido,Dato vacío → Desconocido (se traduce)
innario,inno-011,A Dio cantate un canto nuovo,tempo_bpm,,Desconocido,Dato vacío → Desconocido (se traduce)
innario,inno-011,A Dio cantate un canto nuovo,compas,,Desconocido,Dato vacío → Desconocido (se traduce)
innario,inno-012,Ogni creatura lodi te,tonalidad,,Desconocido,Dato vacío → Desconocido (se traduce)
innario,inno-012,Ogni creatura lodi te,tempo_bpm,,Desconocido,Dato vacío → Desconocido (se traduce)
innario,inno-012,Ogni creatura lodi te,compas,,Desconocido,Dato vacío → Desconocido (se traduce)
innario,inno-013,Lode al Signor,tonalidad,,Desconocido,Dato vacío → Desconocido (se traduce)
innario,inno-013,Lode al Signor,tempo_bpm,,Desconocido,Dato vacío → Desconocido (se traduce)
innario,inno-013,Lode al Signor,compas,,Desconocido,Dato vacío → Desconocido (se traduce)
innario,inno-014,"Gran Dio, noi t'adoriam",tonalidad,,Desconocido,Dato vacío → Desconocido (se traduce)
innario,inno-014,"Gran Dio, noi t'adoriam",tempo_bpm,,Desconocido,Dato vacío → Desconocido (se traduce)
innario,inno-014,"Gran Dio, noi t'adoriam",compas,,Desconocido,Dato vacío → Desconocido (se traduce)
innario,inno-015,Un inno al ciel leviam festanti,tonalidad,,Desconocido,Dato vacío → Desconocido (se traduce)
innario,inno-015,Un inno al ciel leviam festanti,tempo_bpm,,Desconocido,Dato vacío → Desconocido (se traduce)
innario,inno-015,Un inno al ciel leviam festanti,compas,,Desconocido,Dato vacío → Desconocido (se traduce)
innario,inno-016,Lode all'Altissimo,tonalidad,,Desconocido,Dato vacío → Desconocido (se traduce)
innario,inno-016,Lode all'Altissimo,tempo_bpm,,Desconocido,Dato vacío → Desconocido (se traduce)
innario,inno-016,Lode all'Altissimo,compas,,Desconocido,Dato vacío → Desconocido (se traduce)
innario,inno-017,"Te lodiamo, o Signor",tonalidad,,Desconocido,Dato vacío → Desconocido (se traduce)
innario,inno-017,"Te lodiamo, o Signor",tempo_bpm,,Desconocido,Dato vacío → Desconocido (se traduce)
innario,inno-017,"Te lodiamo, o Signor",compas,,Desconocido,Dato vacío → Desconocido (se traduce)
innario,inno-018,Grati a te porgiamo omaggio,tonalidad,,Desconocido,Dato vacío → Desconocido (se traduce)
innario,inno-018,Grati a te porgiamo omaggio,tempo_bpm,,Desconocido,Dato vacío → Desconocido (se traduce)
innario,inno-018,Grati a te porgiamo omaggio,compas,,Desconocido,Dato vacío → Desconocido (se traduce)
innario,inno-019,"Potente degli eserciti, Signor",tonalidad,,Desconocido,Dato vacío → Desconocido (se traduce)
innario,inno-019,"Potente degli eserciti, Signor",tempo_bpm,,Desconocido,Dato vacío → Desconocido (se traduce)
innario,inno-019,"Potente degli eserciti, Signor",compas,,Desconocido,Dato vacío → Desconocido (se traduce)
innario,inno-020,Sommo Iddio,tonalidad,,Desconocido,Dato vacío → Desconocido (se traduce)
innario,inno-020,Sommo Iddio,tempo_bpm,,Desconocido,Dato vacío → Desconocido (se traduce)
innario,inno-020,Sommo Iddio,compas,,Desconocido,Dato vacío → Desconocido (se traduce)
innario,inno-021,"A te, Signor del ciel",tonalidad,,Desconocido,Dato vacío → Desconocido (se traduce)
innario,inno-021,"A te, Signor del ciel",tempo_bpm,,Desconocido,Dato vacío → Desconocido (se traduce)
innario,inno-021,"A te, Signor del ciel",compas,,Desconocido,Dato vacío → Desconocido (se traduce)
innario,inno-022,A volte sento un canto,tonalidad,,Desconocido,Dato vacío → Desconocido (se traduce)
innario,inno-022,A volte sento un canto,tempo_bpm,,Desconocido,Dato vacío → Desconocido (se traduce)
innario,inno-022,A volte sento un canto,compas,,Desconocido,Dato vacío → Desconocido (se traduce)
innario,inno-023,Tu che gli astri intorno muovi,tonalidad,,Desconocido,Dato vacío → Desconocido (se traduce)
innario,inno-023,Tu che gli astri intorno muovi,tempo_bpm,,Desconocido,Dato vacío → Desconocido (se traduce)
innario,inno-023,Tu che gli astri intorno muovi,compas,,Desconocido,Dato vacío → Desconocido (se traduce)
innario,inno-024,Nell'immenso cielo,tonalidad,,Desconocido,Dato vacío → Desconocido (se traduce)
innario,inno-024,Nell'immenso cielo,tempo_bpm,,Desconocido,Dato vacío → Desconocido (se traduce)
innario,inno-024,Nell'immenso cielo,compas,,Desconocido,Dato vacío → Desconocido (se traduce)
innario,inno-025,Grazie a te,tonalidad,,Desconocido,Dato vacío → Desconocido (se traduce)
innario,inno-025,Grazie a te,tempo_bpm,,Desconocido,Dato vacío → Desconocido (se traduce)
innario,inno-025,Grazie a te,compas,,Desconocido,Dato vacío → Desconocido (se traduce)
innario,inno-026,Dio creò la terra,tonalidad,,Desconocido,Dato vacío → Desconocido (se traduce)
innario,inno-026,Dio creò la terra,tempo_bpm,,Desconocido,Dato vacío → Desconocido (se traduce)
innario,inno-026,Dio creò la terra,compas,,Desconocido,Dato vacío → Desconocido (se traduce)
innario,inno-027,Eterno Iddio che domini,tonalidad,,Desconocido,Dato vacío → Desconocido (se traduce)
innario,inno-027,Eterno Iddio che domini,tempo_bpm,,Desconocido,Dato vacío → Desconocido (se traduce)
innario,inno-027,Eterno Iddio che domini,compas,,Desconocido,Dato vacío → Desconocido (se traduce)
innario,inno-028,"L'immenso, l'eccelso",tonalidad,,Desconocido,Dato vacío → Desconocido (se traduce)
innario,inno-028,"L'immenso, l'eccelso",tempo_bpm,,Desconocido,Dato vacío → Desconocido (se traduce)
innario,inno-028,"L'immenso, l'eccelso",compas,,Desconocido,Dato vacío → Desconocido (se traduce)
innario,inno-029,Dovunque il guardo giro,tonalidad,,Desconocido,Dato vacío → Desconocido (se traduce)
innario,inno-029,Dovunque il guardo giro,tempo_bpm,,Desconocido,Dato vacío → Desconocido (se traduce)
innario,inno-029,Dovunque il guardo giro,compas,,Desconocido,Dato vacío → Desconocido (se traduce)
innario,inno-030,"Dio parlò, la luce sorse",tonalidad,,Desconocido,Dato vacío → Desconocido (se traduce)
innario,inno-030,"Dio parlò, la luce sorse",tempo_bpm,,Desconocido,Dato vacío → Desconocido (se traduce)
innario,inno-030,"Dio parlò, la luce sorse",compas,,Desconocido,Dato vacío → Desconocido (se traduce)
innario,inno-031,Sorge il mattino,tonalidad,,Desconocido,Dato vacío → Desconocido (se traduce)
innario,inno-031,Sorge il mattino,tempo_bpm,,Desconocido,Dato vacío → Desconocido (se traduce)
innario,inno-031,Sorge il mattino,compas,,Desconocido,Dato vacío → Desconocido (se traduce)
innario,inno-032,Dell'universo l'immensità,tonalidad,,Desconocido,Dato vacío → Desconocido (se traduce)
innario,inno-032,Dell'universo l'immensità,tempo_bpm,,Desconocido,Dato vacío → Desconocido (se traduce)
innario,inno-032,Dell'universo l'immensità,compas,,Desconocido,Dato vacío → Desconocido (se traduce)
innario,inno-033,Il Signore è il mio buon pastor,tonalidad,,Desconocido,Dato vacío → Desconocido (se traduce)
innario,inno-033,Il Signore è il mio buon pastor,tempo_bpm,,Desconocido,Dato vacío → Desconocido (se traduce)
innario,inno-033,Il Signore è il mio buon pastor,compas,,Desconocido,Dato vacío → Desconocido (se traduce)
innario,inno-034,Nelle città moderne,tonalidad,,Desconocido,Dato vacío → Desconocido (se traduce)
innario,inno-034,Nelle città moderne,tempo_bpm,,Desconocido,Dato vacío → Desconocido (se traduce)
innario,inno-034,Nelle città moderne,compas,,Desconocido,Dato vacío → Desconocido (se traduce)
innario,inno-035,Il Creatore del mondo,tonalidad,,Desconocido,Dato vacío → Desconocido (se traduce)
innario,inno-035,Il Creatore del mondo,tempo_bpm,,Desconocido,Dato vacío → Desconocido (se traduce)
innario,inno-035,Il Creatore del mondo,compas,,Desconocido,Dato vacío → Desconocido (se traduce)
innario,inno-036,Ogni fiore che s'apre al sole,tonalidad,,Desconocido,Dato vacío → Desconocido (se traduce)
innario,inno-036,Ogni fiore che s'apre al sole,tempo_bpm,,Desconocido,Dato vacío → Desconocido (se traduce)
innario,inno-036,Ogni fiore che s'apre al sole,compas,,Desconocido,Dato vacío → Desconocido (se traduce)
innario,inno-037,A Dio che tanto ci ama,tonalidad,,Desconocido,Dato vacío → Desconocido (se traduce)
innario,inno-037,A Dio che tanto ci ama,tempo_bpm,,Desconocido,Dato vacío → Desconocido (se traduce)
innario,inno-037,A Dio che tanto ci ama,compas,,Desconocido,Dato vacío → Desconocido (se traduce)
innario,inno-038,L'Iddio di Abraham,tonalidad,,Desconocido,Dato vacío → Desconocido (se traduce)
innario,inno-038,L'Iddio di Abraham,tempo_bpm,,Desconocido,Dato vacío → Desconocido (se traduce)
innario,inno-038,L'Iddio di Abraham,compas,,Desconocido,Dato vacío → Desconocido (se traduce)
innario,inno-039,"O Signore, la tua luce",tonalidad,,Desconocido,Dato vacío → Desconocido (se traduce)
innario,inno-039,"O Signore, la tua luce",tempo_bpm,,Desconocido,Dato vacío → Desconocido (se traduce)
innario,inno-039,"O Signore, la tua luce",compas,,Desconocido,Dato vacío → Desconocido (se traduce)
innario,inno-040,Come un faro che risplende,tonalidad,,Desconocido,Dato vacío → Desconocido (se traduce)
innario,inno-040,Come un faro che risplende,tempo_bpm,,Desconocido,Dato vacío → Desconocido (se traduce)
innario,inno-040,Come un faro che risplende,compas,,Desconocido,Dato vacío → Desconocido (se traduce)
innario,inno-041,"Mi amasti, o mio Signor",tonalidad,,Desconocido,Dato vacío → Desconocido (se traduce)
innario,inno-041,"Mi amasti, o mio Signor",tempo_bpm,,Desconocido,Dato vacío → Desconocido (se traduce)
innario,inno-041,"Mi amasti, o mio Signor",compas,,Desconocido,Dato vacío → Desconocido (se traduce)
innario,inno-042,L'Iddio della vita,tonalidad,,Desconocido,Dato vacío → Desconocido (se traduce)
innario,inno-042,L'Iddio della vita,tempo_bpm,,Desconocido,Dato vacío → Desconocido (se traduce)
innario,inno-042,L'Iddio della vita,compas,,Desconocido,Dato vacío → Desconocido (se traduce)
innario,inno-043,Scrivi tu di propria mano,tonalidad,,Desconocido,Dato vacío → Desconocido (se traduce)
innario,inno-043,Scrivi tu di propria mano,tempo_bpm,,Desconocido,Dato vacío → Desconocido (se traduce)
innario,inno-043,Scrivi tu di propria mano,compas,,Desconocido,Dato vacío → Desconocido (se traduce)
innario,inno-044,La tua Parola,tonalidad,,Desconocido,Dato vacío → Desconocido (se traduce)
innario,inno-044,La tua Parola,tempo_bpm,,Desconocido,Dato vacío → Desconocido (se traduce)
innario,inno-044,La tua Parola,compas,,Desconocido,Dato vacío → Desconocido (se traduce)
innario,inno-045,Canta di nuovo agli uomini,tonalidad,,Desconocido,Dato vacío → Desconocido (se traduce)
innario,inno-045,Canta di nuovo agli uomini,tempo_bpm,,Desconocido,Dato vacío → Desconocido (se traduce)
innario,inno-045,Canta di nuovo agli uomini,compas,,Desconocido,Dato vacío → Desconocido (se traduce)
innario,inno-046,Una Lampada al nostro piede,tonalidad,,Desconocido,Dato vacío → Desconocido (se traduce)
innario,inno-046,Una Lampada al nostro piede,tempo_bpm,,Desconocido,Dato vacío → Desconocido (se traduce)
innario,inno-046,Una Lampada al nostro piede,compas,,Desconocido,Dato vacío → Desconocido (se traduce)
innario,inno-047,"Là nel ciel, qui sulla terra",tonalidad,,Desconocido,Dato vacío → Desconocido (se traduce)
innario,inno-047,"Là nel ciel, qui sulla terra",tempo_bpm,,Desconocido,Dato vacío → Desconocido (se traduce)
innario,inno-047,"Là nel ciel, qui sulla terra",compas,,Desconocido,Dato vacío → Desconocido (se traduce)
innario,inno-048,"O Cristo, fa ch'io t'ami",tonalidad,,Desconocido,Dato vacío → Desconocido (se traduce)
innario,inno-048,"O Cristo, fa ch'io t'ami",tempo_bpm,,Desconocido,Dato vacío → Desconocido (se traduce)
innario,inno-048,"O Cristo, fa ch'io t'ami",compas,,Desconocido,Dato vacío → Desconocido (se traduce)
innario,inno-049,Gesù amico supremo è ognora,tonalidad,,Desconocido,Dato vacío → Desconocido (se traduce)
innario,inno-049,Gesù amico supremo è ognora,tempo_bpm,,Desconocido,Dato vacío → Desconocido (se traduce)
innario,inno-049,Gesù amico supremo è ognora,compas,,Desconocido,Dato vacío → Desconocido (se traduce)
innario,inno-050,"Gesù, la luce del mondo",tonalidad,,Desconocido,Dato vacío → Desconocido (se traduce)
innario,inno-050,"Gesù, la luce del mondo",tempo_bpm,,Desconocido,Dato vacío → Desconocido (se traduce)
innario,inno-050,"Gesù, la luce del mondo",compas,,Desconocido,Dato vacío → Desconocido (se traduce)
innario,inno-051,Io t'amo ineffabile Gesù,tonalidad,,Desconocido,Dato vacío → Desconocido (se traduce)
innario,inno-051,Io t'amo ineffabile Gesù,tempo_bpm,,Desconocido,Dato vacío → Desconocido (se traduce)
innario,inno-051,Io t'amo ineffabile Gesù,compas,,Desconocido,Dato vacío → Desconocido (se traduce)
innario,inno-052,Ti voglio amar con tutto il cuor,tonalidad,,Desconocido,Dato vacío → Desconocido (se traduce)
innario,inno-052,Ti voglio amar con tutto il cuor,tempo_bpm,,Desconocido,Dato vacío → Desconocido (se traduce)
innario,inno-052,Ti voglio amar con tutto il cuor,compas,,Desconocido,Dato vacío → Desconocido (se traduce)
innario,inno-053,Come a fiume,tonalidad,,Desconocido,Dato vacío → Desconocido (se traduce)
innario,inno-053,Come a fiume,tempo_bpm,,Desconocido,Dato vacío → Desconocido (se traduce)
innario,inno-053,Come a fiume,compas,,Desconocido,Dato vacío → Desconocido (se traduce)
innario,inno-054,"Signor Gesù, la tua bontà",tonalidad,,Desconocido,Dato vacío → Desconocido (se traduce)
innario,inno-054,"Signor Gesù, la tua bontà",tempo_bpm,,Desconocido,Dato vacío → Desconocido (se traduce)
innario,inno-054,"Signor Gesù, la tua bontà",compas,,Desconocido,Dato vacío → Desconocido (se traduce)
innario,inno-055,Nella notte oscura,tonalidad,,Desconocido,Dato vacío → Desconocido (se traduce)
innario,inno-055,Nella notte oscura,tempo_bpm,,Desconocido,Dato vacío → Desconocido (se traduce)
innario,inno-055,Nella notte oscura,compas,,Desconocido,Dato vacío → Desconocido (se traduce)
innario,inno-056,Più ogni umana cosa,tonalidad,,Desconocido,Dato vacío → Desconocido (se traduce)
innario,inno-056,Più ogni umana cosa,tempo_bpm,,Desconocido,Dato vacío → Desconocido (se traduce)
innario,inno-056,Più ogni umana cosa,compas,,Desconocido,Dato vacío → Desconocido (se traduce)
innario,inno-057,L'amore di Gesù mio Salvatore,tonalidad,,Desconocido,Dato vacío → Desconocido (se traduce)
innario,inno-057,L'amore di Gesù mio Salvatore,tempo_bpm,,Desconocido,Dato vacío → Desconocido (se traduce)
innario,inno-057,L'amore di Gesù mio Salvatore,compas,,Desconocido,Dato vacío → Desconocido (se traduce)
innario,inno-058,Di quanto amor,tonalidad,,Desconocido,Dato vacío → Desconocido (se traduce)
innario,inno-058,Di quanto amor,tempo_bpm,,Desconocido,Dato vacío → Desconocido (se traduce)
innario,inno-058,Di quanto amor,compas,,Desconocido,Dato vacío → Desconocido (se traduce)
innario,inno-059,Prezioso è Gesù salvator,tonalidad,,Desconocido,Dato vacío → Desconocido (se traduce)
innario,inno-059,Prezioso è Gesù salvator,tempo_bpm,,Desconocido,Dato vacío → Desconocido (se traduce)
innario,inno-059,Prezioso è Gesù salvator,compas,,Desconocido,Dato vacío → Desconocido (se traduce)
innario,inno-060,Nel cuor del Signore,tonalidad,,Desconocido,Dato vacío → Desconocido (se traduce)
innario,inno-060,Nel cuor del Signore,tempo_bpm,,Desconocido,Dato vacío → Desconocido (se traduce)
innario,inno-060,Nel cuor del Signore,compas,,Desconocido,Dato vacío → Desconocido (se traduce)
innario,inno-061,La luce del Signor,tonalidad,,Desconocido,Dato vacío → Desconocido (se traduce)
innario,inno-061,La luce del Signor,tempo_bpm,,Desconocido,Dato vacío → Desconocido (se traduce)
innario,inno-061,La luce del Signor,compas,,Desconocido,Dato vacío → Desconocido (se traduce)
innario,inno-062,Nel mio vagar,tonalidad,,Desconocido,Dato vacío → Desconocido (se traduce)
innario,inno-062,Nel mio vagar,tempo_bpm,,Desconocido,Dato vacío → Desconocido (se traduce)
innario,inno-062,Nel mio vagar,compas,,Desconocido,Dato vacío → Desconocido (se traduce)
innario,inno-063,Per quell'amor salvato son,tonalidad,,Desconocido,Dato vacío → Desconocido (se traduce)
innario,inno-063,Per quell'amor salvato son,tempo_bpm,,Desconocido,Dato vacío → Desconocido (se traduce)
innario,inno-063,Per quell'amor salvato son,compas,,Desconocido,Dato vacío → Desconocido (se traduce)
innario,inno-064,Come acqua all'assetato,tonalidad,,Desconocido,Dato vacío → Desconocido (se traduce)
innario,inno-064,Come acqua all'assetato,tempo_bpm,,Desconocido,Dato vacío → Desconocido (se traduce)
innario,inno-064,Come acqua all'assetato,compas,,Desconocido,Dato vacío → Desconocido (se traduce)
innario,inno-065,"Stupendo, immenso amor",tonalidad,,Desconocido,Dato vacío → Desconocido (se traduce)
innario,inno-065,"Stupendo, immenso amor",tempo_bpm,,Desconocido,Dato vacío → Desconocido (se traduce)
innario,inno-065,"Stupendo, immenso amor",compas,,Desconocido,Dato vacío → Desconocido (se traduce)
innario,inno-066,Splende il sole fulgido,tonalidad,,Desconocido,Dato vacío → Desconocido (se traduce)
innario,inno-066,Splende il sole fulgido,tempo_bpm,,Desconocido,Dato vacío → Desconocido (se traduce)
innario,inno-066,Splende il sole fulgido,compas,,Desconocido,Dato vacío → Desconocido (se traduce)
innario,inno-067,Quale amico è il Signor Gesù,tonalidad,,Desconocido,Dato vacío → Desconocido (se traduce)
innario,inno-067,Quale amico è il Signor Gesù,tempo_bpm,,Desconocido,Dato vacío → Desconocido (se traduce)
innario,inno-067,Quale amico è il Signor Gesù,compas,,Desconocido,Dato vacío → Desconocido (se traduce)
innario,inno-068,Alla fonte della vita,tonalidad,,Desconocido,Dato vacío → Desconocido (se traduce)
innario,inno-068,Alla fonte della vita,tempo_bpm,,Desconocido,Dato vacío → Desconocido (se traduce)
innario,inno-068,Alla fonte della vita,compas,,Desconocido,Dato vacío → Desconocido (se traduce)
innario,inno-069,Nel Signor è la speranza,tonalidad,,Desconocido,Dato vacío → Desconocido (se traduce)
innario,inno-069,Nel Signor è la speranza,tempo_bpm,,Desconocido,Dato vacío → Desconocido (se traduce)
innario,inno-069,Nel Signor è la speranza,compas,,Desconocido,Dato vacío → Desconocido (se traduce)
innario,inno-070,Io servo il Salvatore,tonalidad,,Desconocido,Dato vacío → Desconocido (se traduce)
innario,inno-070,Io servo il Salvatore,tempo_bpm,,Desconocido,Dato vacío → Desconocido (se traduce)
innario,inno-070,Io servo il Salvatore,compas,,Desconocido,Dato vacío → Desconocido (se traduce)
innario,inno-071,"T'appartengo, Signor",tonalidad,,Desconocido,Dato vacío → Desconocido (se traduce)
innario,inno-071,"T'appartengo, Signor",tempo_bpm,,Desconocido,Dato vacío → Desconocido (se traduce)
innario,inno-071,"T'appartengo, Signor",compas,,Desconocido,Dato vacío → Desconocido (se traduce)
innario,inno-072,"Gesù, sono a te dinanzi",tonalidad,,Desconocido,Dato vacío → Desconocido (se traduce)
innario,inno-072,"Gesù, sono a te dinanzi",tempo_bpm,,Desconocido,Dato vacío → Desconocido (se traduce)
innario,inno-072,"Gesù, sono a te dinanzi",compas,,Desconocido,Dato vacío → Desconocido (se traduce)
innario,inno-073,Andiamo con il Cristo,tonalidad,,Desconocido,Dato vacío → Desconocido (se traduce)
innario,inno-073,Andiamo con il Cristo,tempo_bpm,,Desconocido,Dato vacío → Desconocido (se traduce)
innario,inno-073,Andiamo con il Cristo,compas,,Desconocido,Dato vacío → Desconocido (se traduce)
innario,inno-074,Niente fra Cristo ed il mio cuore,tonalidad,,Desconocido,Dato vacío → Desconocido (se traduce)
innario,inno-074,Niente fra Cristo ed il mio cuore,tempo_bpm,,Desconocido,Dato vacío → Desconocido (se traduce)
innario,inno-074,Niente fra Cristo ed il mio cuore,compas,,Desconocido,Dato vacío → Desconocido (se traduce)
innario,inno-075,"Prendi, o Dio, la vita mia",tonalidad,,Desconocido,Dato vacío → Desconocido (se traduce)
innario,inno-075,"Prendi, o Dio, la vita mia",tempo_bpm,,Desconocido,Dato vacío → Desconocido (se traduce)
innario,inno-075,"Prendi, o Dio, la vita mia",compas,,Desconocido,Dato vacío → Desconocido (se traduce)
innario,inno-076,Voglio esser come te,tonalidad,,Desconocido,Dato vacío → Desconocido (se traduce)
innario,inno-076,Voglio esser come te,tempo_bpm,,Desconocido,Dato vacío → Desconocido (se traduce)
innario,inno-076,Voglio esser come te,compas,,Desconocido,Dato vacío → Desconocido (se traduce)
innario,inno-077,Io mi avvicino a te,tonalidad,,Desconocido,Dato vacío → Desconocido (se traduce)
innario,inno-077,Io mi avvicino a te,tempo_bpm,,Desconocido,Dato vacío → Desconocido (se traduce)
innario,inno-077,Io mi avvicino a te,compas,,Desconocido,Dato vacío → Desconocido (se traduce)
innario,inno-078,"Non foglie, no che il vento invola",tonalidad,,Desconocido,Dato vacío → Desconocido (se traduce)
innario,inno-078,"Non foglie, no che il vento invola",tempo_bpm,,Desconocido,Dato vacío → Desconocido (se traduce)
innario,inno-078,"Non foglie, no che il vento invola",compas,,Desconocido,Dato vacío → Desconocido (se traduce)
innario,inno-079,Io cammino verso il cielo,tonalidad,,Desconocido,Dato vacío → Desconocido (se traduce)
innario,inno-079,Io cammino verso il cielo,tempo_bpm,,Desconocido,Dato vacío → Desconocido (se traduce)
innario,inno-079,Io cammino verso il cielo,compas,,Desconocido,Dato vacío → Desconocido (se traduce)
innario,inno-080,Oggi ancora m'è rivolto,tonalidad,,Desconocido,Dato vacío → Desconocido (se traduce)
innario,inno-080,Oggi ancora m'è rivolto,tempo_bpm,,Desconocido,Dato vacío → Desconocido (se traduce)
innario,inno-080,Oggi ancora m'è rivolto,compas,,Desconocido,Dato vacío → Desconocido (se traduce)
innario,inno-081,O santo Agnel di Dio,tonalidad,,Desconocido,Dato vacío → Desconocido (se traduce)
innario,inno-081,O santo Agnel di Dio,tempo_bpm,,Desconocido,Dato vacío → Desconocido (se traduce)
innario,inno-081,O santo Agnel di Dio,compas,,Desconocido,Dato vacío → Desconocido (se traduce)
innario,inno-082,Una voce qui nel cuore,tonalidad,,Desconocido,Dato vacío → Desconocido (se traduce)
innario,inno-082,Una voce qui nel cuore,tempo_bpm,,Desconocido,Dato vacío → Desconocido (se traduce)
innario,inno-082,Una voce qui nel cuore,compas,,Desconocido,Dato vacío → Desconocido (se traduce)
innario,inno-083,"Io sono l'argilla, o mio Signor",tonalidad,,Desconocido,Dato vacío → Desconocido (se traduce)
innario,inno-083,"Io sono l'argilla, o mio Signor",tempo_bpm,,Desconocido,Dato vacío → Desconocido (se traduce)
innario,inno-083,"Io sono l'argilla, o mio Signor",compas,,Desconocido,Dato vacío → Desconocido (se traduce)
innario,inno-084,Gesù Cristo la mia croce,tonalidad,,Desconocido,Dato vacío → Desconocido (se traduce)
innario,inno-084,Gesù Cristo la mia croce,tempo_bpm,,Desconocido,Dato vacío → Desconocido (se traduce)
innario,inno-084,Gesù Cristo la mia croce,compas,,Desconocido,Dato vacío → Desconocido (se traduce)
innario,inno-085,"O mio Gesù, mio redentor",tonalidad,,Desconocido,Dato vacío → Desconocido (se traduce)
innario,inno-085,"O mio Gesù, mio redentor",tempo_bpm,,Desconocido,Dato vacío → Desconocido (se traduce)
innario,inno-085,"O mio Gesù, mio redentor",compas,,Desconocido,Dato vacío → Desconocido (se traduce)
innario,inno-086,Per me moristi in croce,tonalidad,,Desconocido,Dato vacío → Desconocido (se traduce)
innario,inno-086,Per me moristi in croce,tempo_bpm,,Desconocido,Dato vacío → Desconocido (se traduce)
innario,inno-086,Per me moristi in croce,compas,,Desconocido,Dato vacío → Desconocido (se traduce)
innario,inno-087,Questo mio cuore offro a te,tonalidad,,Desconocido,Dato vacío → Desconocido (se traduce)
innario,inno-087,Questo mio cuore offro a te,tempo_bpm,,Desconocido,Dato vacío → Desconocido (se traduce)
innario,inno-087,Questo mio cuore offro a te,compas,,Desconocido,Dato vacío → Desconocido (se traduce)
innario,inno-088,Cerca prima il regno del Signore,tonalidad,,Desconocido,Dato vacío → Desconocido (se traduce)
innario,inno-088,Cerca prima il regno del Signore,tempo_bpm,,Desconocido,Dato vacío → Desconocido (se traduce)
innario,inno-088,Cerca prima il regno del Signore,compas,,Desconocido,Dato vacío → Desconocido (se traduce)
innario,inno-089,Gesù ti chiama,tonalidad,,Desconocido,Dato vacío → Desconocido (se traduce)
innario,inno-089,Gesù ti chiama,tempo_bpm,,Desconocido,Dato vacío → Desconocido (se traduce)
innario,inno-089,Gesù ti chiama,compas,,Desconocido,Dato vacío → Desconocido (se traduce)
innario,inno-090,Se vicino a Gesù,tonalidad,,Desconocido,Dato vacío → Desconocido (se traduce)
innario,inno-090,Se vicino a Gesù,tempo_bpm,,Desconocido,Dato vacío → Desconocido (se traduce)
innario,inno-090,Se vicino a Gesù,compas,,Desconocido,Dato vacío → Desconocido (se traduce)
innario,inno-091,"A casa, deh, torna!",tonalidad,,Desconocido,Dato vacío → Desconocido (se traduce)
innario,inno-091,"A casa, deh, torna!",tempo_bpm,,Desconocido,Dato vacío → Desconocido (se traduce)
innario,inno-091,"A casa, deh, torna!",compas,,Desconocido,Dato vacío → Desconocido (se traduce)
innario,inno-092,Se odi il Signore,tonalidad,,Desconocido,Dato vacío → Desconocido (se traduce)
innario,inno-092,Se odi il Signore,tempo_bpm,,Desconocido,Dato vacío → Desconocido (se traduce)
innario,inno-092,Se odi il Signore,compas,,Desconocido,Dato vacío → Desconocido (se traduce)
innario,inno-093,"O Padre, Dio d'eternità",tonalidad,,Desconocido,Dato vacío → Desconocido (se traduce)
innario,inno-093,"O Padre, Dio d'eternità",tempo_bpm,,Desconocido,Dato vacío → Desconocido (se traduce)
innario,inno-093,"O Padre, Dio d'eternità",compas,,Desconocido,Dato vacío → Desconocido (se traduce)
innario,inno-094,"Venite, venite al Signore",tonalidad,,Desconocido,Dato vacío → Desconocido (se traduce)
innario,inno-094,"Venite, venite al Signore",tempo_bpm,,Desconocido,Dato vacío → Desconocido (se traduce)
innario,inno-094,"Venite, venite al Signore",compas,,Desconocido,Dato vacío → Desconocido (se traduce)
innario,inno-095,Con Gesù non puoi temer,tonalidad,,Desconocido,Dato vacío → Desconocido (se traduce)
innario,inno-095,Con Gesù non puoi temer,tempo_bpm,,Desconocido,Dato vacío → Desconocido (se traduce)
innario,inno-095,Con Gesù non puoi temer,compas,,Desconocido,Dato vacío → Desconocido (se traduce)
innario,inno-096,Seguo il Dio d'amore,tonalidad,,Desconocido,Dato vacío → Desconocido (se traduce)
innario,inno-096,Seguo il Dio d'amore,tempo_bpm,,Desconocido,Dato vacío → Desconocido (se traduce)
innario,inno-096,Seguo il Dio d'amore,compas,,Desconocido,Dato vacío → Desconocido (se traduce)
innario,inno-097,La sorgente della vita,tonalidad,,Desconocido,Dato vacío → Desconocido (se traduce)
innario,inno-097,La sorgente della vita,tempo_bpm,,Desconocido,Dato vacío → Desconocido (se traduce)
innario,inno-097,La sorgente della vita,compas,,Desconocido,Dato vacío → Desconocido (se traduce)
innario,inno-098,"Uomo stanco, sofferente",tonalidad,,Desconocido,Dato vacío → Desconocido (se traduce)
innario,inno-098,"Uomo stanco, sofferente",tempo_bpm,,Desconocido,Dato vacío → Desconocido (se traduce)
innario,inno-098,"Uomo stanco, sofferente",compas,,Desconocido,Dato vacío → Desconocido (se traduce)
innario,inno-099,Teneramente,tonalidad,,Desconocido,Dato vacío → Desconocido (se traduce)
innario,inno-099,Teneramente,tempo_bpm,,Desconocido,Dato vacío → Desconocido (se traduce)
innario,inno-099,Teneramente,compas,,Desconocido,Dato vacío → Desconocido (se traduce)
innario,inno-100,O tu che ricerchi la vita,tonalidad,,Desconocido,Dato vacío → Desconocido (se traduce)
innario,inno-100,O tu che ricerchi la vita,tempo_bpm,,Desconocido,Dato vacío → Desconocido (se traduce)
innario,inno-100,O tu che ricerchi la vita,compas,,Desconocido,Dato vacío → Desconocido (se traduce)
innario,inno-101,"Vieni fratello, vieni a Gesù",tonalidad,,Desconocido,Dato vacío → Desconocido (se traduce)
innario,inno-101,"Vieni fratello, vieni a Gesù",tempo_bpm,,Desconocido,Dato vacío → Desconocido (se traduce)
innario,inno-101,"Vieni fratello, vieni a Gesù",compas,,Desconocido,Dato vacío → Desconocido (se traduce)
innario,inno-102,"Porte eterne, deh, apritevi",tonalidad,,Desconocido,Dato vacío → Desconocido (se traduce)
innario,inno-102,"Porte eterne, deh, apritevi",tempo_bpm,,Desconocido,Dato vacío → Desconocido (se traduce)
innario,inno-102,"Porte eterne, deh, apritevi",compas,,Desconocido,Dato vacío → Desconocido (se traduce)
innario,inno-103,Sia gloria al Dio d'amore,tonalidad,,Desconocido,Dato vacío → Desconocido (se traduce)
innario,inno-103,Sia gloria al Dio d'amore,tempo_bpm,,Desconocido,Dato vacío → Desconocido (se traduce)
innario,inno-103,Sia gloria al Dio d'amore,compas,,Desconocido,Dato vacío → Desconocido (se traduce)
innario,inno-104,Lode e gloria al nostro Signor,tonalidad,,Desconocido,Dato vacío → Desconocido (se traduce)
innario,inno-104,Lode e gloria al nostro Signor,tempo_bpm,,Desconocido,Dato vacío → Desconocido (se traduce)
innario,inno-104,Lode e gloria al nostro Signor,compas,,Desconocido,Dato vacío → Desconocido (se traduce)
innario,inno-105,Cantiamo al Signor,tonalidad,,Desconocido,Dato vacío → Desconocido (se traduce)
innario,inno-105,Cantiamo al Signor,tempo_bpm,,Desconocido,Dato vacío → Desconocido (se traduce)
innario,inno-105,Cantiamo al Signor,compas,,Desconocido,Dato vacío → Desconocido (se traduce)
innario,inno-106,"Al Signor del cielo, Cristo Gesù",tonalidad,,Desconocido,Dato vacío → Desconocido (se traduce)
innario,inno-106,"Al Signor del cielo, Cristo Gesù",tempo_bpm,,Desconocido,Dato vacío → Desconocido (se traduce)
innario,inno-106,"Al Signor del cielo, Cristo Gesù",compas,,Desconocido,Dato vacío → Desconocido (se traduce)
innario,inno-107,Anch'io come Giacobbe,tonalidad,,Desconocido,Dato vacío → Desconocido (se traduce)
innario,inno-107,Anch'io come Giacobbe,tempo_bpm,,Desconocido,Dato vacío → Desconocido (se traduce)
innario,inno-107,Anch'io come Giacobbe,compas,,Desconocido,Dato vacío → Desconocido (se traduce)
innario,inno-108,Gesù dal ciel è sceso allor,tonalidad,,Desconocido,Dato vacío → Desconocido (se traduce)
innario,inno-108,Gesù dal ciel è sceso allor,tempo_bpm,,Desconocido,Dato vacío → Desconocido (se traduce)
innario,inno-108,Gesù dal ciel è sceso allor,compas,,Desconocido,Dato vacío → Desconocido (se traduce)
innario,inno-109,Venne giù dal cielo,tonalidad,,Desconocido,Dato vacío → Desconocido (se traduce)
innario,inno-109,Venne giù dal cielo,tempo_bpm,,Desconocido,Dato vacío → Desconocido (se traduce)
innario,inno-109,Venne giù dal cielo,compas,,Desconocido,Dato vacío → Desconocido (se traduce)
innario,inno-110,Al principio della vita,tonalidad,,Desconocido,Dato vacío → Desconocido (se traduce)
innario,inno-110,Al principio della vita,tempo_bpm,,Desconocido,Dato vacío → Desconocido (se traduce)
innario,inno-110,Al principio della vita,compas,,Desconocido,Dato vacío → Desconocido (se traduce)
innario,inno-111,L'amor del Redentor divin,tonalidad,,Desconocido,Dato vacío → Desconocido (se traduce)
innario,inno-111,L'amor del Redentor divin,tempo_bpm,,Desconocido,Dato vacío → Desconocido (se traduce)
innario,inno-111,L'amor del Redentor divin,compas,,Desconocido,Dato vacío → Desconocido (se traduce)
innario,inno-112,Narratemi la storia,tonalidad,,Desconocido,Dato vacío → Desconocido (se traduce)
innario,inno-112,Narratemi la storia,tempo_bpm,,Desconocido,Dato vacío → Desconocido (se traduce)
innario,inno-112,Narratemi la storia,compas,,Desconocido,Dato vacío → Desconocido (se traduce)
innario,inno-113,Chi è questo fanciullin?,tonalidad,,Desconocido,Dato vacío → Desconocido (se traduce)
innario,inno-113,Chi è questo fanciullin?,tempo_bpm,,Desconocido,Dato vacío → Desconocido (se traduce)
innario,inno-113,Chi è questo fanciullin?,compas,,Desconocido,Dato vacío → Desconocido (se traduce)
innario,inno-114,C'era un dì nella città regale,tonalidad,,Desconocido,Dato vacío → Desconocido (se traduce)
innario,inno-114,C'era un dì nella città regale,tempo_bpm,,Desconocido,Dato vacío → Desconocido (se traduce)
innario,inno-114,C'era un dì nella città regale,compas,,Desconocido,Dato vacío → Desconocido (se traduce)
innario,inno-115,Se leggo il Vangelo penso a Gesù,tonalidad,,Desconocido,Dato vacío → Desconocido (se traduce)
innario,inno-115,Se leggo il Vangelo penso a Gesù,tempo_bpm,,Desconocido,Dato vacío → Desconocido (se traduce)
innario,inno-115,Se leggo il Vangelo penso a Gesù,compas,,Desconocido,Dato vacío → Desconocido (se traduce)
innario,inno-116,Cantiamo in coro questo canto,tonalidad,,Desconocido,Dato vacío → Desconocido (se traduce)
innario,inno-116,Cantiamo in coro questo canto,tempo_bpm,,Desconocido,Dato vacío → Desconocido (se traduce)
innario,inno-116,Cantiamo in coro questo canto,compas,,Desconocido,Dato vacío → Desconocido (se traduce)
innario,inno-117,Sul suo trono regna Gesù,tonalidad,,Desconocido,Dato vacío → Desconocido (se traduce)
innario,inno-117,Sul suo trono regna Gesù,tempo_bpm,,Desconocido,Dato vacío → Desconocido (se traduce)
innario,inno-117,Sul suo trono regna Gesù,compas,,Desconocido,Dato vacío → Desconocido (se traduce)
innario,inno-118,Sopra la Pietra,tonalidad,,Desconocido,Dato vacío → Desconocido (se traduce)
innario,inno-118,Sopra la Pietra,tempo_bpm,,Desconocido,Dato vacío → Desconocido (se traduce)
innario,inno-118,Sopra la Pietra,compas,,Desconocido,Dato vacío → Desconocido (se traduce)
innario,inno-119,Con slancio noi cantiamo,tonalidad,,Desconocido,Dato vacío → Desconocido (se traduce)
innario,inno-119,Con slancio noi cantiamo,tempo_bpm,,Desconocido,Dato vacío → Desconocido (se traduce)
innario,inno-119,Con slancio noi cantiamo,compas,,Desconocido,Dato vacío → Desconocido (se traduce)
innario,inno-120,"Tu piccola città, Betlem",tonalidad,,Desconocido,Dato vacío → Desconocido (se traduce)
innario,inno-120,"Tu piccola città, Betlem",tempo_bpm,,Desconocido,Dato vacío → Desconocido (se traduce)
innario,inno-120,"Tu piccola città, Betlem",compas,,Desconocido,Dato vacío → Desconocido (se traduce)
innario,inno-121,Nato è Gesù,tonalidad,,Desconocido,Dato vacío → Desconocido (se traduce)
innario,inno-121,Nato è Gesù,tempo_bpm,,Desconocido,Dato vacío → Desconocido (se traduce)
innario,inno-121,Nato è Gesù,compas,,Desconocido,Dato vacío → Desconocido (se traduce)
innario,inno-122,"Notte stellata, notte beata",tonalidad,,Desconocido,Dato vacío → Desconocido (se traduce)
innario,inno-122,"Notte stellata, notte beata",tempo_bpm,,Desconocido,Dato vacío → Desconocido (se traduce)
innario,inno-122,"Notte stellata, notte beata",compas,,Desconocido,Dato vacío → Desconocido (se traduce)
innario,inno-123,Ogni stella su nel cielo,tonalidad,,Desconocido,Dato vacío → Desconocido (se traduce)
innario,inno-123,Ogni stella su nel cielo,tempo_bpm,,Desconocido,Dato vacío → Desconocido (se traduce)
innario,inno-123,Ogni stella su nel cielo,compas,,Desconocido,Dato vacío → Desconocido (se traduce)
innario,inno-124,"Gioia in ciel, è nato il Re",tonalidad,,Desconocido,Dato vacío → Desconocido (se traduce)
innario,inno-124,"Gioia in ciel, è nato il Re",tempo_bpm,,Desconocido,Dato vacío → Desconocido (se traduce)
innario,inno-124,"Gioia in ciel, è nato il Re",compas,,Desconocido,Dato vacío → Desconocido (se traduce)
innario,inno-125,Siam tre re,tonalidad,,Desconocido,Dato vacío → Desconocido (se traduce)
innario,inno-125,Siam tre re,tempo_bpm,,Desconocido,Dato vacío → Desconocido (se traduce)
innario,inno-125,Siam tre re,compas,,Desconocido,Dato vacío → Desconocido (se traduce)
innario,inno-126,"Nella notte, lontano",tonalidad,,Desconocido,Dato vacío → Desconocido (se traduce)
innario,inno-126,"Nella notte, lontano",tempo_bpm,,Desconocido,Dato vacío → Desconocido (se traduce)
innario,inno-126,"Nella notte, lontano",compas,,Desconocido,Dato vacío → Desconocido (se traduce)
innario,inno-127,Dal cielo scesero gli angeli,tonalidad,,Desconocido,Dato vacío → Desconocido (se traduce)
innario,inno-127,Dal cielo scesero gli angeli,tempo_bpm,,Desconocido,Dato vacío → Desconocido (se traduce)
innario,inno-127,Dal cielo scesero gli angeli,compas,,Desconocido,Dato vacío → Desconocido (se traduce)
innario,inno-128,È nato! È nato!,tonalidad,,Desconocido,Dato vacío → Desconocido (se traduce)
innario,inno-128,È nato! È nato!,tempo_bpm,,Desconocido,Dato vacío → Desconocido (se traduce)
innario,inno-128,È nato! È nato!,compas,,Desconocido,Dato vacío → Desconocido (se traduce)
innario,inno-129,Nella notte di Natal,tonalidad,,Desconocido,Dato vacío → Desconocido (se traduce)
innario,inno-129,Nella notte di Natal,tempo_bpm,,Desconocido,Dato vacío → Desconocido (se traduce)
innario,inno-129,Nella notte di Natal,compas,,Desconocido,Dato vacío → Desconocido (se traduce)
innario,inno-130,"S'ode un canto, è nato Gesù",tonalidad,,Desconocido,Dato vacío → Desconocido (se traduce)
innario,inno-130,"S'ode un canto, è nato Gesù",tempo_bpm,,Desconocido,Dato vacío → Desconocido (se traduce)
innario,inno-130,"S'ode un canto, è nato Gesù",compas,,Desconocido,Dato vacío → Desconocido (se traduce)
innario,inno-131,"Va, dillo a tutto il mondo",tonalidad,,Desconocido,Dato vacío → Desconocido (se traduce)
innario,inno-131,"Va, dillo a tutto il mondo",tempo_bpm,,Desconocido,Dato vacío → Desconocido (se traduce)
innario,inno-131,"Va, dillo a tutto il mondo",compas,,Desconocido,Dato vacío → Desconocido (se traduce)
innario,inno-132,Con vivo e santo giubilo,tonalidad,,Desconocido,Dato vacío → Desconocido (se traduce)
innario,inno-132,Con vivo e santo giubilo,tempo_bpm,,Desconocido,Dato vacío → Desconocido (se traduce)
innario,inno-132,Con vivo e santo giubilo,compas,,Desconocido,Dato vacío → Desconocido (se traduce)
innario,inno-133,Di notte in una stalla,tonalidad,,Desconocido,Dato vacío → Desconocido (se traduce)
innario,inno-133,Di notte in una stalla,tempo_bpm,,Desconocido,Dato vacío → Desconocido (se traduce)
innario,inno-133,Di notte in una stalla,compas,,Desconocido,Dato vacío → Desconocido (se traduce)
innario,inno-134,Quanta gioia in cuore,tonalidad,,Desconocido,Dato vacío → Desconocido (se traduce)
innario,inno-134,Quanta gioia in cuore,tempo_bpm,,Desconocido,Dato vacío → Desconocido (se traduce)
innario,inno-134,Quanta gioia in cuore,compas,,Desconocido,Dato vacío → Desconocido (se traduce)
innario,inno-135,"Bimbo santo, tu sei nato",tonalidad,,Desconocido,Dato vacío → Desconocido (se traduce)
innario,inno-135,"Bimbo santo, tu sei nato",tempo_bpm,,Desconocido,Dato vacío → Desconocido (se traduce)
innario,inno-135,"Bimbo santo, tu sei nato",compas,,Desconocido,Dato vacío → Desconocido (se traduce)
innario,inno-136,Chi è quel bimbo,tonalidad,,Desconocido,Dato vacío → Desconocido (se traduce)
innario,inno-136,Chi è quel bimbo,tempo_bpm,,Desconocido,Dato vacío → Desconocido (se traduce)
innario,inno-136,Chi è quel bimbo,compas,,Desconocido,Dato vacío → Desconocido (se traduce)
innario,inno-137,"Venite, fedeli, lieti ed esultanti",tonalidad,,Desconocido,Dato vacío → Desconocido (se traduce)
innario,inno-137,"Venite, fedeli, lieti ed esultanti",tempo_bpm,,Desconocido,Dato vacío → Desconocido (se traduce)
innario,inno-137,"Venite, fedeli, lieti ed esultanti",compas,,Desconocido,Dato vacío → Desconocido (se traduce)
innario,inno-138,In excelsis Deo,tonalidad,,Desconocido,Dato vacío → Desconocido (se traduce)
innario,inno-138,In excelsis Deo,tempo_bpm,,Desconocido,Dato vacío → Desconocido (se traduce)
innario,inno-138,In excelsis Deo,compas,,Desconocido,Dato vacío → Desconocido (se traduce)
innario,inno-139,S'ode un canto d'esultanza,tonalidad,,Desconocido,Dato vacío → Desconocido (se traduce)
innario,inno-139,S'ode un canto d'esultanza,tempo_bpm,,Desconocido,Dato vacío → Desconocido (se traduce)
innario,inno-139,S'ode un canto d'esultanza,compas,,Desconocido,Dato vacío → Desconocido (se traduce)
innario,inno-140,Oggi è nato il bambim Gesù,tonalidad,,Desconocido,Dato vacío → Desconocido (se traduce)
innario,inno-140,Oggi è nato il bambim Gesù,tempo_bpm,,Desconocido,Dato vacío → Desconocido (se traduce)
innario,inno-140,Oggi è nato il bambim Gesù,compas,,Desconocido,Dato vacío → Desconocido (se traduce)
innario,inno-141,"È risorto Cristo, il Re",tonalidad,,Desconocido,Dato vacío → Desconocido (se traduce)
innario,inno-141,"È risorto Cristo, il Re",tempo_bpm,,Desconocido,Dato vacío → Desconocido (se traduce)
innario,inno-141,"È risorto Cristo, il Re",compas,,Desconocido,Dato vacío → Desconocido (se traduce)
innario,inno-142,A lui la gloria,tonalidad,,Desconocido,Dato vacío → Desconocido (se traduce)
innario,inno-142,A lui la gloria,tempo_bpm,,Desconocido,Dato vacío → Desconocido (se traduce)
innario,inno-142,A lui la gloria,compas,,Desconocido,Dato vacío → Desconocido (se traduce)
innario,inno-143,"Alleluia, alleluia, alleluia!",tonalidad,,Desconocido,Dato vacío → Desconocido (se traduce)
innario,inno-143,"Alleluia, alleluia, alleluia!",tempo_bpm,,Desconocido,Dato vacío → Desconocido (se traduce)
innario,inno-143,"Alleluia, alleluia, alleluia!",compas,,Desconocido,Dato vacío → Desconocido (se traduce)
innario,inno-144,È risorto oggi il Signor,tonalidad,,Desconocido,Dato vacío → Desconocido (se traduce)
innario,inno-144,È risorto oggi il Signor,tempo_bpm,,Desconocido,Dato vacío → Desconocido (se traduce)
innario,inno-144,È risorto oggi il Signor,compas,,Desconocido,Dato vacío → Desconocido (se traduce)
innario,inno-145,Alleluia! Gloria a Cristo,tonalidad,,Desconocido,Dato vacío → Desconocido (se traduce)
innario,inno-145,Alleluia! Gloria a Cristo,tempo_bpm,,Desconocido,Dato vacío → Desconocido (se traduce)
innario,inno-145,Alleluia! Gloria a Cristo,compas,,Desconocido,Dato vacío → Desconocido (se traduce)
innario,inno-146,Il Redentor salito è in ciel,tonalidad,,Desconocido,Dato vacío → Desconocido (se traduce)
innario,inno-146,Il Redentor salito è in ciel,tempo_bpm,,Desconocido,Dato vacío → Desconocido (se traduce)
innario,inno-146,Il Redentor salito è in ciel,compas,,Desconocido,Dato vacío → Desconocido (se traduce)
innario,inno-147,Presto con Gesù,tonalidad,,Desconocido,Dato vacío → Desconocido (se traduce)
innario,inno-147,Presto con Gesù,tempo_bpm,,Desconocido,Dato vacío → Desconocido (se traduce)
innario,inno-147,Presto con Gesù,compas,,Desconocido,Dato vacío → Desconocido (se traduce)
innario,inno-148,Dal ciel bentosto Gesù tornerà,tonalidad,,Desconocido,Dato vacío → Desconocido (se traduce)
innario,inno-148,Dal ciel bentosto Gesù tornerà,tempo_bpm,,Desconocido,Dato vacío → Desconocido (se traduce)
innario,inno-148,Dal ciel bentosto Gesù tornerà,compas,,Desconocido,Dato vacío → Desconocido (se traduce)
innario,inno-149,Veder Cristo faccia a faccia,tonalidad,,Desconocido,Dato vacío → Desconocido (se traduce)
innario,inno-149,Veder Cristo faccia a faccia,tempo_bpm,,Desconocido,Dato vacío → Desconocido (se traduce)
innario,inno-149,Veder Cristo faccia a faccia,compas,,Desconocido,Dato vacío → Desconocido (se traduce)
innario,inno-150,Vola verso il cielo,tonalidad,,Desconocido,Dato vacío → Desconocido (se traduce)
innario,inno-150,Vola verso il cielo,tempo_bpm,,Desconocido,Dato vacío → Desconocido (se traduce)
innario,inno-150,Vola verso il cielo,compas,,Desconocido,Dato vacío → Desconocido (se traduce)
innario,inno-151,Cristo viene!,tonalidad,,Desconocido,Dato vacío → Desconocido (se traduce)
innario,inno-151,Cristo viene!,tempo_bpm,,Desconocido,Dato vacío → Desconocido (se traduce)
innario,inno-151,Cristo viene!,compas,,Desconocido,Dato vacío → Desconocido (se traduce)
innario,inno-152,C'è una luce splendente,tonalidad,,Desconocido,Dato vacío → Desconocido (se traduce)
innario,inno-152,C'è una luce splendente,tempo_bpm,,Desconocido,Dato vacío → Desconocido (se traduce)
innario,inno-152,C'è una luce splendente,compas,,Desconocido,Dato vacío → Desconocido (se traduce)
innario,inno-153,Spento il giorno è nella notte,tonalidad,,Desconocido,Dato vacío → Desconocido (se traduce)
innario,inno-153,Spento il giorno è nella notte,tempo_bpm,,Desconocido,Dato vacío → Desconocido (se traduce)
innario,inno-153,Spento il giorno è nella notte,compas,,Desconocido,Dato vacío → Desconocido (se traduce)
innario,inno-154,Quanta luce quando Gesù verrà,tonalidad,,Desconocido,Dato vacío → Desconocido (se traduce)
innario,inno-154,Quanta luce quando Gesù verrà,tempo_bpm,,Desconocido,Dato vacío → Desconocido (se traduce)
innario,inno-154,Quanta luce quando Gesù verrà,compas,,Desconocido,Dato vacío → Desconocido (se traduce)
innario,inno-155,Suonin le trombe,tonalidad,,Desconocido,Dato vacío → Desconocido (se traduce)
innario,inno-155,Suonin le trombe,tempo_bpm,,Desconocido,Dato vacío → Desconocido (se traduce)
innario,inno-155,Suonin le trombe,compas,,Desconocido,Dato vacío → Desconocido (se traduce)
innario,inno-156,Gesù trionfa,tonalidad,,Desconocido,Dato vacío → Desconocido (se traduce)
innario,inno-156,Gesù trionfa,tempo_bpm,,Desconocido,Dato vacío → Desconocido (se traduce)
innario,inno-156,Gesù trionfa,compas,,Desconocido,Dato vacío → Desconocido (se traduce)
innario,inno-157,Grido di gioia in ciel,tonalidad,,Desconocido,Dato vacío → Desconocido (se traduce)
innario,inno-157,Grido di gioia in ciel,tempo_bpm,,Desconocido,Dato vacío → Desconocido (se traduce)
innario,inno-157,Grido di gioia in ciel,compas,,Desconocido,Dato vacío → Desconocido (se traduce)
innario,inno-158,Gesù ha promesso ai credenti,tonalidad,,Desconocido,Dato vacío → Desconocido (se traduce)
innario,inno-158,Gesù ha promesso ai credenti,tempo_bpm,,Desconocido,Dato vacío → Desconocido (se traduce)
innario,inno-158,Gesù ha promesso ai credenti,compas,,Desconocido,Dato vacío → Desconocido (se traduce)
innario,inno-159,Giorno verrà che l'arpa d'or,tonalidad,,Desconocido,Dato vacío → Desconocido (se traduce)
innario,inno-159,Giorno verrà che l'arpa d'or,tempo_bpm,,Desconocido,Dato vacío → Desconocido (se traduce)
innario,inno-159,Giorno verrà che l'arpa d'or,compas,,Desconocido,Dato vacío → Desconocido (se traduce)
innario,inno-160,È giunta ormai quell'ora,tonalidad,,Desconocido,Dato vacío → Desconocido (se traduce)
innario,inno-160,È giunta ormai quell'ora,tempo_bpm,,Desconocido,Dato vacío → Desconocido (se traduce)
innario,inno-160,È giunta ormai quell'ora,compas,,Desconocido,Dato vacío → Desconocido (se traduce)
innario,inno-161,Gioia nei nostri cuor,tonalidad,,Desconocido,Dato vacío → Desconocido (se traduce)
innario,inno-161,Gioia nei nostri cuor,tempo_bpm,,Desconocido,Dato vacío → Desconocido (se traduce)
innario,inno-161,Gioia nei nostri cuor,compas,,Desconocido,Dato vacío → Desconocido (se traduce)
innario,inno-162,"Sì verrà, sì verrà",tonalidad,,Desconocido,Dato vacío → Desconocido (se traduce)
innario,inno-162,"Sì verrà, sì verrà",tempo_bpm,,Desconocido,Dato vacío → Desconocido (se traduce)
innario,inno-162,"Sì verrà, sì verrà",compas,,Desconocido,Dato vacío → Desconocido (se traduce)
innario,inno-163,"La gloria tua, Signor, cantiamo",tonalidad,,Desconocido,Dato vacío → Desconocido (se traduce)
innario,inno-163,"La gloria tua, Signor, cantiamo",tempo_bpm,,Desconocido,Dato vacío → Desconocido (se traduce)
innario,inno-163,"La gloria tua, Signor, cantiamo",compas,,Desconocido,Dato vacío → Desconocido (se traduce)
innario,inno-164,Viva speranza,tonalidad,,Desconocido,Dato vacío → Desconocido (se traduce)
innario,inno-164,Viva speranza,tempo_bpm,,Desconocido,Dato vacío → Desconocido (se traduce)
innario,inno-164,Viva speranza,compas,,Desconocido,Dato vacío → Desconocido (se traduce)
innario,inno-165,In quel giorno pien di luce,tonalidad,,Desconocido,Dato vacío → Desconocido (se traduce)
innario,inno-165,In quel giorno pien di luce,tempo_bpm,,Desconocido,Dato vacío → Desconocido (se traduce)
innario,inno-165,In quel giorno pien di luce,compas,,Desconocido,Dato vacío → Desconocido (se traduce)
innario,inno-166,Per ricordare la croce,tonalidad,,Desconocido,Dato vacío → Desconocido (se traduce)
innario,inno-166,Per ricordare la croce,tempo_bpm,,Desconocido,Dato vacío → Desconocido (se traduce)
innario,inno-166,Per ricordare la croce,compas,,Desconocido,Dato vacío → Desconocido (se traduce)
innario,inno-167,"Eri lì, alla morte del Signor?",tonalidad,,Desconocido,Dato vacío → Desconocido (se traduce)
innario,inno-167,"Eri lì, alla morte del Signor?",tempo_bpm,,Desconocido,Dato vacío → Desconocido (se traduce)
innario,inno-167,"Eri lì, alla morte del Signor?",compas,,Desconocido,Dato vacío → Desconocido (se traduce)
innario,inno-168,Gesù calcò il sentiero,tonalidad,,Desconocido,Dato vacío → Desconocido (se traduce)
innario,inno-168,Gesù calcò il sentiero,tempo_bpm,,Desconocido,Dato vacío → Desconocido (se traduce)
innario,inno-168,Gesù calcò il sentiero,compas,,Desconocido,Dato vacío → Desconocido (se traduce)
innario,inno-169,Puoi dirmi qual grande amor,tonalidad,,Desconocido,Dato vacío → Desconocido (se traduce)
innario,inno-169,Puoi dirmi qual grande amor,tempo_bpm,,Desconocido,Dato vacío → Desconocido (se traduce)
innario,inno-169,Puoi dirmi qual grande amor,compas,,Desconocido,Dato vacío → Desconocido (se traduce)
innario,inno-170,O Gesù salvatore,tonalidad,,Desconocido,Dato vacío → Desconocido (se traduce)
innario,inno-170,O Gesù salvatore,tempo_bpm,,Desconocido,Dato vacío → Desconocido (se traduce)
innario,inno-170,O Gesù salvatore,compas,,Desconocido,Dato vacío → Desconocido (se traduce)
innario,inno-171,Sopra un monte lontano,tonalidad,,Desconocido,Dato vacío → Desconocido (se traduce)
innario,inno-171,Sopra un monte lontano,tempo_bpm,,Desconocido,Dato vacío → Desconocido (se traduce)
innario,inno-171,Sopra un monte lontano,compas,,Desconocido,Dato vacío → Desconocido (se traduce)
innario,inno-172,Agnel di Dio mi liberi,tonalidad,,Desconocido,Dato vacío → Desconocido (se traduce)
innario,inno-172,Agnel di Dio mi liberi,tempo_bpm,,Desconocido,Dato vacío → Desconocido (se traduce)
innario,inno-172,Agnel di Dio mi liberi,compas,,Desconocido,Dato vacío → Desconocido (se traduce)
innario,inno-173,Lassù su quel monte,tonalidad,,Desconocido,Dato vacío → Desconocido (se traduce)
innario,inno-173,Lassù su quel monte,tempo_bpm,,Desconocido,Dato vacío → Desconocido (se traduce)
innario,inno-173,Lassù su quel monte,compas,,Desconocido,Dato vacío → Desconocido (se traduce)
innario,inno-174,"Vieni, o Spirito divino",tonalidad,,Desconocido,Dato vacío → Desconocido (se traduce)
innario,inno-174,"Vieni, o Spirito divino",tempo_bpm,,Desconocido,Dato vacío → Desconocido (se traduce)
innario,inno-174,"Vieni, o Spirito divino",compas,,Desconocido,Dato vacío → Desconocido (se traduce)
innario,inno-175,"Signor, discendan i doni tuoi",tonalidad,,Desconocido,Dato vacío → Desconocido (se traduce)
innario,inno-175,"Signor, discendan i doni tuoi",tempo_bpm,,Desconocido,Dato vacío → Desconocido (se traduce)
innario,inno-175,"Signor, discendan i doni tuoi",compas,,Desconocido,Dato vacío → Desconocido (se traduce)
innario,inno-176,Per le vie del ben ci guida,tonalidad,,Desconocido,Dato vacío → Desconocido (se traduce)
innario,inno-176,Per le vie del ben ci guida,tempo_bpm,,Desconocido,Dato vacío → Desconocido (se traduce)
innario,inno-176,Per le vie del ben ci guida,compas,,Desconocido,Dato vacío → Desconocido (se traduce)
innario,inno-177,Dal tuo stellato soglio,tonalidad,,Desconocido,Dato vacío → Desconocido (se traduce)
innario,inno-177,Dal tuo stellato soglio,tempo_bpm,,Desconocido,Dato vacío → Desconocido (se traduce)
innario,inno-177,Dal tuo stellato soglio,compas,,Desconocido,Dato vacío → Desconocido (se traduce)
innario,inno-178,Come il riarso terreno,tonalidad,,Desconocido,Dato vacío → Desconocido (se traduce)
innario,inno-178,Come il riarso terreno,tempo_bpm,,Desconocido,Dato vacío → Desconocido (se traduce)
innario,inno-178,Come il riarso terreno,compas,,Desconocido,Dato vacío → Desconocido (se traduce)
innario,inno-179,"Vieni, Santo Spirito",tonalidad,,Desconocido,Dato vacío → Desconocido (se traduce)
innario,inno-179,"Vieni, Santo Spirito",tempo_bpm,,Desconocido,Dato vacío → Desconocido (se traduce)
innario,inno-179,"Vieni, Santo Spirito",compas,,Desconocido,Dato vacío → Desconocido (se traduce)
innario,inno-180,Quanta pace,tonalidad,,Desconocido,Dato vacío → Desconocido (se traduce)
innario,inno-180,Quanta pace,tempo_bpm,,Desconocido,Dato vacío → Desconocido (se traduce)
innario,inno-180,Quanta pace,compas,,Desconocido,Dato vacío → Desconocido (se traduce)
innario,inno-181,Scendi tu nel nostro petto,tonalidad,,Desconocido,Dato vacío → Desconocido (se traduce)
innario,inno-181,Scendi tu nel nostro petto,tempo_bpm,,Desconocido,Dato vacío → Desconocido (se traduce)
innario,inno-181,Scendi tu nel nostro petto,compas,,Desconocido,Dato vacío → Desconocido (se traduce)
innario,inno-182,"Dal cielo scendi tu, o Dio",tonalidad,,Desconocido,Dato vacío → Desconocido (se traduce)
innario,inno-182,"Dal cielo scendi tu, o Dio",tempo_bpm,,Desconocido,Dato vacío → Desconocido (se traduce)
innario,inno-182,"Dal cielo scendi tu, o Dio",compas,,Desconocido,Dato vacío → Desconocido (se traduce)
innario,inno-183,"Santo Spirito, deh, scendi",tonalidad,,Desconocido,Dato vacío → Desconocido (se traduce)
innario,inno-183,"Santo Spirito, deh, scendi",tempo_bpm,,Desconocido,Dato vacío → Desconocido (se traduce)
innario,inno-183,"Santo Spirito, deh, scendi",compas,,Desconocido,Dato vacío → Desconocido (se traduce)
innario,inno-184,Vieni le grazie a spargere,tonalidad,,Desconocido,Dato vacío → Desconocido (se traduce)
innario,inno-184,Vieni le grazie a spargere,tempo_bpm,,Desconocido,Dato vacío → Desconocido (se traduce)
innario,inno-184,Vieni le grazie a spargere,compas,,Desconocido,Dato vacío → Desconocido (se traduce)
innario,inno-185,"Spirto divino, in me",tonalidad,,Desconocido,Dato vacío → Desconocido (se traduce)
innario,inno-185,"Spirto divino, in me",tempo_bpm,,Desconocido,Dato vacío → Desconocido (se traduce)
innario,inno-185,"Spirto divino, in me",compas,,Desconocido,Dato vacío → Desconocido (se traduce)
innario,inno-186,"Discendi, Santo Spirito",tonalidad,,Desconocido,Dato vacío → Desconocido (se traduce)
innario,inno-186,"Discendi, Santo Spirito",tempo_bpm,,Desconocido,Dato vacío → Desconocido (se traduce)
innario,inno-186,"Discendi, Santo Spirito",compas,,Desconocido,Dato vacío → Desconocido (se traduce)
innario,inno-187,Colomba santa vien dal cielo,tonalidad,,Desconocido,Dato vacío → Desconocido (se traduce)
innario,inno-187,Colomba santa vien dal cielo,tempo_bpm,,Desconocido,Dato vacío → Desconocido (se traduce)
innario,inno-187,Colomba santa vien dal cielo,compas,,Desconocido,Dato vacío → Desconocido (se traduce)
innario,inno-188,Potrei parlare le lingue,tonalidad,,Desconocido,Dato vacío → Desconocido (se traduce)
innario,inno-188,Potrei parlare le lingue,tempo_bpm,,Desconocido,Dato vacío → Desconocido (se traduce)
innario,inno-188,Potrei parlare le lingue,compas,,Desconocido,Dato vacío → Desconocido (se traduce)
innario,inno-189,O mio Gesù hai detto,tonalidad,,Desconocido,Dato vacío → Desconocido (se traduce)
innario,inno-189,O mio Gesù hai detto,tempo_bpm,,Desconocido,Dato vacío → Desconocido (se traduce)
innario,inno-189,O mio Gesù hai detto,compas,,Desconocido,Dato vacío → Desconocido (se traduce)
innario,inno-190,Gesù unisce la chiesa,tonalidad,,Desconocido,Dato vacío → Desconocido (se traduce)
innario,inno-190,Gesù unisce la chiesa,tempo_bpm,,Desconocido,Dato vacío → Desconocido (se traduce)
innario,inno-190,Gesù unisce la chiesa,compas,,Desconocido,Dato vacío → Desconocido (se traduce)
innario,inno-191,"Il nome tuo, Signor, lodiamo",tonalidad,,Desconocido,Dato vacío → Desconocido (se traduce)
innario,inno-191,"Il nome tuo, Signor, lodiamo",tempo_bpm,,Desconocido,Dato vacío → Desconocido (se traduce)
innario,inno-191,"Il nome tuo, Signor, lodiamo",compas,,Desconocido,Dato vacío → Desconocido (se traduce)
innario,inno-192,Disse Gesù,tonalidad,,Desconocido,Dato vacío → Desconocido (se traduce)
innario,inno-192,Disse Gesù,tempo_bpm,,Desconocido,Dato vacío → Desconocido (se traduce)
innario,inno-192,Disse Gesù,compas,,Desconocido,Dato vacío → Desconocido (se traduce)
innario,inno-193,Con grande gioia,tonalidad,,Desconocido,Dato vacío → Desconocido (se traduce)
innario,inno-193,Con grande gioia,tempo_bpm,,Desconocido,Dato vacío → Desconocido (se traduce)
innario,inno-193,Con grande gioia,compas,,Desconocido,Dato vacío → Desconocido (se traduce)
innario,inno-194,Puoi contar del ciel le stelle?,tonalidad,,Desconocido,Dato vacío → Desconocido (se traduce)
innario,inno-194,Puoi contar del ciel le stelle?,tempo_bpm,,Desconocido,Dato vacío → Desconocido (se traduce)
innario,inno-194,Puoi contar del ciel le stelle?,compas,,Desconocido,Dato vacío → Desconocido (se traduce)
innario,inno-195,"O Gesù, stai vicino a me!",tonalidad,,Desconocido,Dato vacío → Desconocido (se traduce)
innario,inno-195,"O Gesù, stai vicino a me!",tempo_bpm,,Desconocido,Dato vacío → Desconocido (se traduce)
innario,inno-195,"O Gesù, stai vicino a me!",compas,,Desconocido,Dato vacío → Desconocido (se traduce)
innario,inno-196,Un giorno un agnellino,tonalidad,,Desconocido,Dato vacío → Desconocido (se traduce)
innario,inno-196,Un giorno un agnellino,tempo_bpm,,Desconocido,Dato vacío → Desconocido (se traduce)
innario,inno-196,Un giorno un agnellino,compas,,Desconocido,Dato vacío → Desconocido (se traduce)
innario,inno-197,"O Gesù, mio salvatore",tonalidad,,Desconocido,Dato vacío → Desconocido (se traduce)
innario,inno-197,"O Gesù, mio salvatore",tempo_bpm,,Desconocido,Dato vacío → Desconocido (se traduce)
innario,inno-197,"O Gesù, mio salvatore",compas,,Desconocido,Dato vacío → Desconocido (se traduce)
innario,inno-198,"O Gesù, mio buon pastore",tonalidad,,Desconocido,Dato vacío → Desconocido (se traduce)
innario,inno-198,"O Gesù, mio buon pastore",tempo_bpm,,Desconocido,Dato vacío → Desconocido (se traduce)
innario,inno-198,"O Gesù, mio buon pastore",compas,,Desconocido,Dato vacío → Desconocido (se traduce)
innario,inno-199,Lasciate i fanciulli,tonalidad,,Desconocido,Dato vacío → Desconocido (se traduce)
innario,inno-199,Lasciate i fanciulli,tempo_bpm,,Desconocido,Dato vacío → Desconocido (se traduce)
innario,inno-199,Lasciate i fanciulli,compas,,Desconocido,Dato vacío → Desconocido (se traduce)
innario,inno-200,Gesù ama,tonalidad,,Desconocido,Dato vacío → Desconocido (se traduce)
innario,inno-200,Gesù ama,tempo_bpm,,Desconocido,Dato vacío → Desconocido (se traduce)
innario,inno-200,Gesù ama,compas,,Desconocido,Dato vacío → Desconocido (se traduce)
innario,inno-201,"Son bambino, son piccino",tonalidad,,Desconocido,Dato vacío → Desconocido (se traduce)
innario,inno-201,"Son bambino, son piccino",tempo_bpm,,Desconocido,Dato vacío → Desconocido (se traduce)
innario,inno-201,"Son bambino, son piccino",compas,,Desconocido,Dato vacío → Desconocido (se traduce)
innario,inno-202,Le creature del Signore,tonalidad,,Desconocido,Dato vacío → Desconocido (se traduce)
innario,inno-202,Le creature del Signore,tempo_bpm,,Desconocido,Dato vacío → Desconocido (se traduce)
innario,inno-202,Le creature del Signore,compas,,Desconocido,Dato vacío → Desconocido (se traduce)
innario,inno-203,Chi visse nel Signor Gesù,tonalidad,,Desconocido,Dato vacío → Desconocido (se traduce)
innario,inno-203,Chi visse nel Signor Gesù,tempo_bpm,,Desconocido,Dato vacío → Desconocido (se traduce)
innario,inno-203,Chi visse nel Signor Gesù,compas,,Desconocido,Dato vacío → Desconocido (se traduce)
innario,inno-204,Lavoriam tutti con Gesù,tonalidad,,Desconocido,Dato vacío → Desconocido (se traduce)
innario,inno-204,Lavoriam tutti con Gesù,tempo_bpm,,Desconocido,Dato vacío → Desconocido (se traduce)
innario,inno-204,Lavoriam tutti con Gesù,compas,,Desconocido,Dato vacío → Desconocido (se traduce)
innario,inno-205,Voglio servirti sempre,tonalidad,,Desconocido,Dato vacío → Desconocido (se traduce)
innario,inno-205,Voglio servirti sempre,tempo_bpm,,Desconocido,Dato vacío → Desconocido (se traduce)
innario,inno-205,Voglio servirti sempre,compas,,Desconocido,Dato vacío → Desconocido (se traduce)
innario,inno-206,"Vieni, mi disse",tonalidad,,Desconocido,Dato vacío → Desconocido (se traduce)
innario,inno-206,"Vieni, mi disse",tempo_bpm,,Desconocido,Dato vacío → Desconocido (se traduce)
innario,inno-206,"Vieni, mi disse",compas,,Desconocido,Dato vacío → Desconocido (se traduce)
innario,inno-207,È dolce al tuo servizio,tonalidad,,Desconocido,Dato vacío → Desconocido (se traduce)
innario,inno-207,È dolce al tuo servizio,tempo_bpm,,Desconocido,Dato vacío → Desconocido (se traduce)
innario,inno-207,È dolce al tuo servizio,compas,,Desconocido,Dato vacío → Desconocido (se traduce)
innario,inno-208,"Con fervor, Maestro buono",tonalidad,,Desconocido,Dato vacío → Desconocido (se traduce)
innario,inno-208,"Con fervor, Maestro buono",tempo_bpm,,Desconocido,Dato vacío → Desconocido (se traduce)
innario,inno-208,"Con fervor, Maestro buono",compas,,Desconocido,Dato vacío → Desconocido (se traduce)
innario,inno-209,Voglio essere un cristiano,tonalidad,,Desconocido,Dato vacío → Desconocido (se traduce)
innario,inno-209,Voglio essere un cristiano,tempo_bpm,,Desconocido,Dato vacío → Desconocido (se traduce)
innario,inno-209,Voglio essere un cristiano,compas,,Desconocido,Dato vacío → Desconocido (se traduce)
innario,inno-210,O Signore della vita,tonalidad,,Desconocido,Dato vacío → Desconocido (se traduce)
innario,inno-210,O Signore della vita,tempo_bpm,,Desconocido,Dato vacío → Desconocido (se traduce)
innario,inno-210,O Signore della vita,compas,,Desconocido,Dato vacío → Desconocido (se traduce)
innario,inno-211,Una schiera di Credenti,tonalidad,,Desconocido,Dato vacío → Desconocido (se traduce)
innario,inno-211,Una schiera di Credenti,tempo_bpm,,Desconocido,Dato vacío → Desconocido (se traduce)
innario,inno-211,Una schiera di Credenti,compas,,Desconocido,Dato vacío → Desconocido (se traduce)
innario,inno-212,Ambasciatori noi siamo del cielo,tonalidad,,Desconocido,Dato vacío → Desconocido (se traduce)
innario,inno-212,Ambasciatori noi siamo del cielo,tempo_bpm,,Desconocido,Dato vacío → Desconocido (se traduce)
innario,inno-212,Ambasciatori noi siamo del cielo,compas,,Desconocido,Dato vacío → Desconocido (se traduce)
innario,inno-213,Tu che sai la vera storia,tonalidad,,Desconocido,Dato vacío → Desconocido (se traduce)
innario,inno-213,Tu che sai la vera storia,tempo_bpm,,Desconocido,Dato vacío → Desconocido (se traduce)
innario,inno-213,Tu che sai la vera storia,compas,,Desconocido,Dato vacío → Desconocido (se traduce)
innario,inno-214,Grande è ancor la messe,tonalidad,,Desconocido,Dato vacío → Desconocido (se traduce)
innario,inno-214,Grande è ancor la messe,tempo_bpm,,Desconocido,Dato vacío → Desconocido (se traduce)
innario,inno-214,Grande è ancor la messe,compas,,Desconocido,Dato vacío → Desconocido (se traduce)
innario,inno-215,Chi vuol servire con amor,tonalidad,,Desconocido,Dato vacío → Desconocido (se traduce)
innario,inno-215,Chi vuol servire con amor,tempo_bpm,,Desconocido,Dato vacío → Desconocido (se traduce)
innario,inno-215,Chi vuol servire con amor,compas,,Desconocido,Dato vacío → Desconocido (se traduce)
innario,inno-216,Odi tu? Gesù ti chiama,tonalidad,,Desconocido,Dato vacío → Desconocido (se traduce)
innario,inno-216,Odi tu? Gesù ti chiama,tempo_bpm,,Desconocido,Dato vacío → Desconocido (se traduce)
innario,inno-216,Odi tu? Gesù ti chiama,compas,,Desconocido,Dato vacío → Desconocido (se traduce)
innario,inno-217,Quanta sofferenza,tonalidad,,Desconocido,Dato vacío → Desconocido (se traduce)
innario,inno-217,Quanta sofferenza,tempo_bpm,,Desconocido,Dato vacío → Desconocido (se traduce)
innario,inno-217,Quanta sofferenza,compas,,Desconocido,Dato vacío → Desconocido (se traduce)
innario,inno-218,Prega e lavora,tonalidad,,Desconocido,Dato vacío → Desconocido (se traduce)
innario,inno-218,Prega e lavora,tempo_bpm,,Desconocido,Dato vacío → Desconocido (se traduce)
innario,inno-218,Prega e lavora,compas,,Desconocido,Dato vacío → Desconocido (se traduce)
innario,inno-219,Odi tu l'appello del Signore,tonalidad,,Desconocido,Dato vacío → Desconocido (se traduce)
innario,inno-219,Odi tu l'appello del Signore,tempo_bpm,,Desconocido,Dato vacío → Desconocido (se traduce)
innario,inno-219,Odi tu l'appello del Signore,compas,,Desconocido,Dato vacío → Desconocido (se traduce)
innario,inno-220,Cammino verso il ciel,tonalidad,,Desconocido,Dato vacío → Desconocido (se traduce)
innario,inno-220,Cammino verso il ciel,tempo_bpm,,Desconocido,Dato vacío → Desconocido (se traduce)
innario,inno-220,Cammino verso il ciel,compas,,Desconocido,Dato vacío → Desconocido (se traduce)
innario,inno-221,La luce io voglio far brillar,tonalidad,,Desconocido,Dato vacío → Desconocido (se traduce)
innario,inno-221,La luce io voglio far brillar,tempo_bpm,,Desconocido,Dato vacío → Desconocido (se traduce)
innario,inno-221,La luce io voglio far brillar,compas,,Desconocido,Dato vacío → Desconocido (se traduce)
innario,inno-222,Per il mondo raccontate,tonalidad,,Desconocido,Dato vacío → Desconocido (se traduce)
innario,inno-222,Per il mondo raccontate,tempo_bpm,,Desconocido,Dato vacío → Desconocido (se traduce)
innario,inno-222,Per il mondo raccontate,compas,,Desconocido,Dato vacío → Desconocido (se traduce)
innario,inno-223,Alla porta del tuo cuore,tonalidad,,Desconocido,Dato vacío → Desconocido (se traduce)
innario,inno-223,Alla porta del tuo cuore,tempo_bpm,,Desconocido,Dato vacío → Desconocido (se traduce)
innario,inno-223,Alla porta del tuo cuore,compas,,Desconocido,Dato vacío → Desconocido (se traduce)
innario,inno-224,"Ei verrà, tornerà quaggù",tonalidad,,Desconocido,Dato vacío → Desconocido (se traduce)
innario,inno-224,"Ei verrà, tornerà quaggù",tempo_bpm,,Desconocido,Dato vacío → Desconocido (se traduce)
innario,inno-224,"Ei verrà, tornerà quaggù",compas,,Desconocido,Dato vacío → Desconocido (se traduce)
innario,inno-225,Vai e racconta,tonalidad,,Desconocido,Dato vacío → Desconocido (se traduce)
innario,inno-225,Vai e racconta,tempo_bpm,,Desconocido,Dato vacío → Desconocido (se traduce)
innario,inno-225,Vai e racconta,compas,,Desconocido,Dato vacío → Desconocido (se traduce)
innario,inno-226,Innalzate il vessil della croce,tonalidad,,Desconocido,Dato vacío → Desconocido (se traduce)
innario,inno-226,Innalzate il vessil della croce,tempo_bpm,,Desconocido,Dato vacío → Desconocido (se traduce)
innario,inno-226,Innalzate il vessil della croce,compas,,Desconocido,Dato vacío → Desconocido (se traduce)
innario,inno-227,Se guardo attorno a me,tonalidad,,Desconocido,Dato vacío → Desconocido (se traduce)
innario,inno-227,Se guardo attorno a me,tempo_bpm,,Desconocido,Dato vacío → Desconocido (se traduce)
innario,inno-227,Se guardo attorno a me,compas,,Desconocido,Dato vacío → Desconocido (se traduce)
innario,inno-228,Ambasciator di Dio,tonalidad,,Desconocido,Dato vacío → Desconocido (se traduce)
innario,inno-228,Ambasciator di Dio,tempo_bpm,,Desconocido,Dato vacío → Desconocido (se traduce)
innario,inno-228,Ambasciator di Dio,compas,,Desconocido,Dato vacío → Desconocido (se traduce)
innario,inno-229,Questo giorno santo,tonalidad,,Desconocido,Dato vacío → Desconocido (se traduce)
innario,inno-229,Questo giorno santo,tempo_bpm,,Desconocido,Dato vacío → Desconocido (se traduce)
innario,inno-229,Questo giorno santo,compas,,Desconocido,Dato vacío → Desconocido (se traduce)
innario,inno-230,Dolce riposo del cuor,tonalidad,,Desconocido,Dato vacío → Desconocido (se traduce)
innario,inno-230,Dolce riposo del cuor,tempo_bpm,,Desconocido,Dato vacío → Desconocido (se traduce)
innario,inno-230,Dolce riposo del cuor,compas,,Desconocido,Dato vacío → Desconocido (se traduce)
innario,inno-231,"In questo dì, Signor",tonalidad,,Desconocido,Dato vacío → Desconocido (se traduce)
innario,inno-231,"In questo dì, Signor",tempo_bpm,,Desconocido,Dato vacío → Desconocido (se traduce)
innario,inno-231,"In questo dì, Signor",compas,,Desconocido,Dato vacío → Desconocido (se traduce)
innario,inno-232,"O Yahvè, Signor dell'universo",tonalidad,,Desconocido,Dato vacío → Desconocido (se traduce)
innario,inno-232,"O Yahvè, Signor dell'universo",tempo_bpm,,Desconocido,Dato vacío → Desconocido (se traduce)
innario,inno-232,"O Yahvè, Signor dell'universo",compas,,Desconocido,Dato vacío → Desconocido (se traduce)
innario,inno-233,Santo giorno del Signor,tonalidad,,Desconocido,Dato vacío → Desconocido (se traduce)
innario,inno-233,Santo giorno del Signor,tempo_bpm,,Desconocido,Dato vacío → Desconocido (se traduce)
innario,inno-233,Santo giorno del Signor,compas,,Desconocido,Dato vacío → Desconocido (se traduce)
innario,inno-234,L'ombra della sera,tonalidad,,Desconocido,Dato vacío → Desconocido (se traduce)
innario,inno-234,L'ombra della sera,tempo_bpm,,Desconocido,Dato vacío → Desconocido (se traduce)
innario,inno-234,L'ombra della sera,compas,,Desconocido,Dato vacío → Desconocido (se traduce)
innario,inno-235,O giorno di riposo,tonalidad,,Desconocido,Dato vacío → Desconocido (se traduce)
innario,inno-235,O giorno di riposo,tempo_bpm,,Desconocido,Dato vacío → Desconocido (se traduce)
innario,inno-235,O giorno di riposo,compas,,Desconocido,Dato vacío → Desconocido (se traduce)
innario,inno-236,In questo giorno santo di riposo,tonalidad,,Desconocido,Dato vacío → Desconocido (se traduce)
innario,inno-236,In questo giorno santo di riposo,tempo_bpm,,Desconocido,Dato vacío → Desconocido (se traduce)
innario,inno-236,In questo giorno santo di riposo,compas,,Desconocido,Dato vacío → Desconocido (se traduce)
innario,inno-237,Questo giorno celebriamo,tonalidad,,Desconocido,Dato vacío → Desconocido (se traduce)
innario,inno-237,Questo giorno celebriamo,tempo_bpm,,Desconocido,Dato vacío → Desconocido (se traduce)
innario,inno-237,Questo giorno celebriamo,compas,,Desconocido,Dato vacío → Desconocido (se traduce)
innario,inno-238,Contenti salutiam questo dì,tonalidad,,Desconocido,Dato vacío → Desconocido (se traduce)
innario,inno-238,Contenti salutiam questo dì,tempo_bpm,,Desconocido,Dato vacío → Desconocido (se traduce)
innario,inno-238,Contenti salutiam questo dì,compas,,Desconocido,Dato vacío → Desconocido (se traduce)
innario,inno-239,Guarda tu la nostra scuola,tonalidad,,Desconocido,Dato vacío → Desconocido (se traduce)
innario,inno-239,Guarda tu la nostra scuola,tempo_bpm,,Desconocido,Dato vacío → Desconocido (se traduce)
innario,inno-239,Guarda tu la nostra scuola,compas,,Desconocido,Dato vacío → Desconocido (se traduce)
innario,inno-240,"Tu sei del sabato, Gesù, Signor",tonalidad,,Desconocido,Dato vacío → Desconocido (se traduce)
innario,inno-240,"Tu sei del sabato, Gesù, Signor",tempo_bpm,,Desconocido,Dato vacío → Desconocido (se traduce)
innario,inno-240,"Tu sei del sabato, Gesù, Signor",compas,,Desconocido,Dato vacío → Desconocido (se traduce)
innario,inno-241,"Oh, quanto mi sei cara",tonalidad,,Desconocido,Dato vacío → Desconocido (se traduce)
innario,inno-241,"Oh, quanto mi sei cara",tempo_bpm,,Desconocido,Dato vacío → Desconocido (se traduce)
innario,inno-241,"Oh, quanto mi sei cara",compas,,Desconocido,Dato vacío → Desconocido (se traduce)
innario,inno-242,Raggio della luce,tonalidad,,Desconocido,Dato vacío → Desconocido (se traduce)
innario,inno-242,Raggio della luce,tempo_bpm,,Desconocido,Dato vacío → Desconocido (se traduce)
innario,inno-242,Raggio della luce,compas,,Desconocido,Dato vacío → Desconocido (se traduce)
innario,inno-243,Il riposo ci ricorda il Creator,tonalidad,,Desconocido,Dato vacío → Desconocido (se traduce)
innario,inno-243,Il riposo ci ricorda il Creator,tempo_bpm,,Desconocido,Dato vacío → Desconocido (se traduce)
innario,inno-243,Il riposo ci ricorda il Creator,compas,,Desconocido,Dato vacío → Desconocido (se traduce)
innario,inno-244,Celebriamo l'opera del Signor,tonalidad,,Desconocido,Dato vacío → Desconocido (se traduce)
innario,inno-244,Celebriamo l'opera del Signor,tempo_bpm,,Desconocido,Dato vacío → Desconocido (se traduce)
innario,inno-244,Celebriamo l'opera del Signor,compas,,Desconocido,Dato vacío → Desconocido (se traduce)
innario,inno-245,Rocca eterna vengo a te,tonalidad,,Desconocido,Dato vacío → Desconocido (se traduce)
innario,inno-245,Rocca eterna vengo a te,tempo_bpm,,Desconocido,Dato vacío → Desconocido (se traduce)
innario,inno-245,Rocca eterna vengo a te,compas,,Desconocido,Dato vacío → Desconocido (se traduce)
innario,inno-246,La mia fede,tonalidad,,Desconocido,Dato vacío → Desconocido (se traduce)
innario,inno-246,La mia fede,tempo_bpm,,Desconocido,Dato vacío → Desconocido (se traduce)
innario,inno-246,La mia fede,compas,,Desconocido,Dato vacío → Desconocido (se traduce)
innario,inno-247,"Venite a me, che siete addolorati",tonalidad,,Desconocido,Dato vacío → Desconocido (se traduce)
innario,inno-247,"Venite a me, che siete addolorati",tempo_bpm,,Desconocido,Dato vacío → Desconocido (se traduce)
innario,inno-247,"Venite a me, che siete addolorati",compas,,Desconocido,Dato vacío → Desconocido (se traduce)
innario,inno-248,Come cerva che assetata,tonalidad,,Desconocido,Dato vacío → Desconocido (se traduce)
innario,inno-248,Come cerva che assetata,tempo_bpm,,Desconocido,Dato vacío → Desconocido (se traduce)
innario,inno-248,Come cerva che assetata,compas,,Desconocido,Dato vacío → Desconocido (se traduce)
innario,inno-249,Signor che elargisci ogni bene,tonalidad,,Desconocido,Dato vacío → Desconocido (se traduce)
innario,inno-249,Signor che elargisci ogni bene,tempo_bpm,,Desconocido,Dato vacío → Desconocido (se traduce)
innario,inno-249,Signor che elargisci ogni bene,compas,,Desconocido,Dato vacío → Desconocido (se traduce)
innario,inno-250,"Tra le parole, o dolce",tonalidad,,Desconocido,Dato vacío → Desconocido (se traduce)
innario,inno-250,"Tra le parole, o dolce",tempo_bpm,,Desconocido,Dato vacío → Desconocido (se traduce)
innario,inno-250,"Tra le parole, o dolce",compas,,Desconocido,Dato vacío → Desconocido (se traduce)
innario,inno-251,"Pace ognor, Signore",tonalidad,,Desconocido,Dato vacío → Desconocido (se traduce)
innario,inno-251,"Pace ognor, Signore",tempo_bpm,,Desconocido,Dato vacío → Desconocido (se traduce)
innario,inno-251,"Pace ognor, Signore",compas,,Desconocido,Dato vacío → Desconocido (se traduce)
innario,inno-252,"Là, nel deserto del dolor",tonalidad,,Desconocido,Dato vacío → Desconocido (se traduce)
innario,inno-252,"Là, nel deserto del dolor",tempo_bpm,,Desconocido,Dato vacío → Desconocido (se traduce)
innario,inno-252,"Là, nel deserto del dolor",compas,,Desconocido,Dato vacío → Desconocido (se traduce)
innario,inno-253,Nei dolori della vita,tonalidad,,Desconocido,Dato vacío → Desconocido (se traduce)
innario,inno-253,Nei dolori della vita,tempo_bpm,,Desconocido,Dato vacío → Desconocido (se traduce)
innario,inno-253,Nei dolori della vita,compas,,Desconocido,Dato vacío → Desconocido (se traduce)
innario,inno-254,Qual tenero arboscello,tonalidad,,Desconocido,Dato vacío → Desconocido (se traduce)
innario,inno-254,Qual tenero arboscello,tempo_bpm,,Desconocido,Dato vacío → Desconocido (se traduce)
innario,inno-254,Qual tenero arboscello,compas,,Desconocido,Dato vacío → Desconocido (se traduce)
innario,inno-255,Quale amico in Cristo abbiamo,tonalidad,,Desconocido,Dato vacío → Desconocido (se traduce)
innario,inno-255,Quale amico in Cristo abbiamo,tempo_bpm,,Desconocido,Dato vacío → Desconocido (se traduce)
innario,inno-255,Quale amico in Cristo abbiamo,compas,,Desconocido,Dato vacío → Desconocido (se traduce)
innario,inno-256,Quante volte all'incerta coscienza,tonalidad,,Desconocido,Dato vacío → Desconocido (se traduce)
innario,inno-256,Quante volte all'incerta coscienza,tempo_bpm,,Desconocido,Dato vacío → Desconocido (se traduce)
innario,inno-256,Quante volte all'incerta coscienza,compas,,Desconocido,Dato vacío → Desconocido (se traduce)
innario,inno-257,Tu che sei la nostra fede,tonalidad,,Desconocido,Dato vacío → Desconocido (se traduce)
innario,inno-257,Tu che sei la nostra fede,tempo_bpm,,Desconocido,Dato vacío → Desconocido (se traduce)
innario,inno-257,Tu che sei la nostra fede,compas,,Desconocido,Dato vacío → Desconocido (se traduce)
innario,inno-258,Sotto le ali del mio Signore,tonalidad,,Desconocido,Dato vacío → Desconocido (se traduce)
innario,inno-258,Sotto le ali del mio Signore,tempo_bpm,,Desconocido,Dato vacío → Desconocido (se traduce)
innario,inno-258,Sotto le ali del mio Signore,compas,,Desconocido,Dato vacío → Desconocido (se traduce)
innario,inno-259,Son stanco di lottar,tonalidad,,Desconocido,Dato vacío → Desconocido (se traduce)
innario,inno-259,Son stanco di lottar,tempo_bpm,,Desconocido,Dato vacío → Desconocido (se traduce)
innario,inno-259,Son stanco di lottar,compas,,Desconocido,Dato vacío → Desconocido (se traduce)
innario,inno-260,"Son io, son io che vi consolo",tonalidad,,Desconocido,Dato vacío → Desconocido (se traduce)
innario,inno-260,"Son io, son io che vi consolo",tempo_bpm,,Desconocido,Dato vacío → Desconocido (se traduce)
innario,inno-260,"Son io, son io che vi consolo",compas,,Desconocido,Dato vacío → Desconocido (se traduce)
innario,inno-261,"Non odi, Maestro?",tonalidad,,Desconocido,Dato vacío → Desconocido (se traduce)
innario,inno-261,"Non odi, Maestro?",tempo_bpm,,Desconocido,Dato vacío → Desconocido (se traduce)
innario,inno-261,"Non odi, Maestro?",compas,,Desconocido,Dato vacío → Desconocido (se traduce)
innario,inno-262,Non pianger più,tonalidad,,Desconocido,Dato vacío → Desconocido (se traduce)
innario,inno-262,Non pianger più,tempo_bpm,,Desconocido,Dato vacío → Desconocido (se traduce)
innario,inno-262,Non pianger più,compas,,Desconocido,Dato vacío → Desconocido (se traduce)
innario,inno-263,"Tranquillizzati, mio cuor!",tonalidad,,Desconocido,Dato vacío → Desconocido (se traduce)
innario,inno-263,"Tranquillizzati, mio cuor!",tempo_bpm,,Desconocido,Dato vacío → Desconocido (se traduce)
innario,inno-263,"Tranquillizzati, mio cuor!",compas,,Desconocido,Dato vacío → Desconocido (se traduce)
innario,inno-264,Dal fondo del mio cuore,tonalidad,,Desconocido,Dato vacío → Desconocido (se traduce)
innario,inno-264,Dal fondo del mio cuore,tempo_bpm,,Desconocido,Dato vacío → Desconocido (se traduce)
innario,inno-264,Dal fondo del mio cuore,compas,,Desconocido,Dato vacío → Desconocido (se traduce)
innario,inno-265,Mentre sono un pellegrin,tonalidad,,Desconocido,Dato vacío → Desconocido (se traduce)
innario,inno-265,Mentre sono un pellegrin,tempo_bpm,,Desconocido,Dato vacío → Desconocido (se traduce)
innario,inno-265,Mentre sono un pellegrin,compas,,Desconocido,Dato vacío → Desconocido (se traduce)
innario,inno-266,Se la croce ti par dura,tonalidad,,Desconocido,Dato vacío → Desconocido (se traduce)
innario,inno-266,Se la croce ti par dura,tempo_bpm,,Desconocido,Dato vacío → Desconocido (se traduce)
innario,inno-266,Se la croce ti par dura,compas,,Desconocido,Dato vacío → Desconocido (se traduce)
innario,inno-267,La luce del tuo volto,tonalidad,,Desconocido,Dato vacío → Desconocido (se traduce)
innario,inno-267,La luce del tuo volto,tempo_bpm,,Desconocido,Dato vacío → Desconocido (se traduce)
innario,inno-267,La luce del tuo volto,compas,,Desconocido,Dato vacío → Desconocido (se traduce)
innario,inno-268,Di Gesù amica voce,tonalidad,,Desconocido,Dato vacío → Desconocido (se traduce)
innario,inno-268,Di Gesù amica voce,tempo_bpm,,Desconocido,Dato vacío → Desconocido (se traduce)
innario,inno-268,Di Gesù amica voce,compas,,Desconocido,Dato vacío → Desconocido (se traduce)
innario,inno-269,Quando il giorno se ne andrà,tonalidad,,Desconocido,Dato vacío → Desconocido (se traduce)
innario,inno-269,Quando il giorno se ne andrà,tempo_bpm,,Desconocido,Dato vacío → Desconocido (se traduce)
innario,inno-269,Quando il giorno se ne andrà,compas,,Desconocido,Dato vacío → Desconocido (se traduce)
innario,inno-270,Grazia infinita del mio Signor,tonalidad,,Desconocido,Dato vacío → Desconocido (se traduce)
innario,inno-270,Grazia infinita del mio Signor,tempo_bpm,,Desconocido,Dato vacío → Desconocido (se traduce)
innario,inno-270,Grazia infinita del mio Signor,compas,,Desconocido,Dato vacío → Desconocido (se traduce)
innario,inno-271,Potessi io dirti com'è santo,tonalidad,,Desconocido,Dato vacío → Desconocido (se traduce)
innario,inno-271,Potessi io dirti com'è santo,tempo_bpm,,Desconocido,Dato vacío → Desconocido (se traduce)
innario,inno-271,Potessi io dirti com'è santo,compas,,Desconocido,Dato vacío → Desconocido (se traduce)
innario,inno-272,Stupenda grazia di Gesù,tonalidad,,Desconocido,Dato vacío → Desconocido (se traduce)
innario,inno-272,Stupenda grazia di Gesù,tempo_bpm,,Desconocido,Dato vacío → Desconocido (se traduce)
innario,inno-272,Stupenda grazia di Gesù,compas,,Desconocido,Dato vacío → Desconocido (se traduce)
innario,inno-273,A Dio soltanto appartien,tonalidad,,Desconocido,Dato vacío → Desconocido (se traduce)
innario,inno-273,A Dio soltanto appartien,tempo_bpm,,Desconocido,Dato vacío → Desconocido (se traduce)
innario,inno-273,A Dio soltanto appartien,compas,,Desconocido,Dato vacío → Desconocido (se traduce)
innario,inno-274,Quanti figliuoli prodighi,tonalidad,,Desconocido,Dato vacío → Desconocido (se traduce)
innario,inno-274,Quanti figliuoli prodighi,tempo_bpm,,Desconocido,Dato vacío → Desconocido (se traduce)
innario,inno-274,Quanti figliuoli prodighi,compas,,Desconocido,Dato vacío → Desconocido (se traduce)
innario,inno-275,Redento son io dal Signore,tonalidad,,Desconocido,Dato vacío → Desconocido (se traduce)
innario,inno-275,Redento son io dal Signore,tempo_bpm,,Desconocido,Dato vacío → Desconocido (se traduce)
innario,inno-275,Redento son io dal Signore,compas,,Desconocido,Dato vacío → Desconocido (se traduce)
innario,inno-276,Solo un guardo rivolto alla croce,tonalidad,,Desconocido,Dato vacío → Desconocido (se traduce)
innario,inno-276,Solo un guardo rivolto alla croce,tempo_bpm,,Desconocido,Dato vacío → Desconocido (se traduce)
innario,inno-276,Solo un guardo rivolto alla croce,compas,,Desconocido,Dato vacío → Desconocido (se traduce)
innario,inno-277,"Meco dimora, o Dio consolatore",tonalidad,,Desconocido,Dato vacío → Desconocido (se traduce)
innario,inno-277,"Meco dimora, o Dio consolatore",tempo_bpm,,Desconocido,Dato vacío → Desconocido (se traduce)
innario,inno-277,"Meco dimora, o Dio consolatore",compas,,Desconocido,Dato vacío → Desconocido (se traduce)
innario,inno-278,"Vieni, l'alma mia t'invoca",tonalidad,,Desconocido,Dato vacío → Desconocido (se traduce)
innario,inno-278,"Vieni, l'alma mia t'invoca",tempo_bpm,,Desconocido,Dato vacío → Desconocido (se traduce)
innario,inno-278,"Vieni, l'alma mia t'invoca",compas,,Desconocido,Dato vacío → Desconocido (se traduce)
innario,inno-279,Venite a me,tonalidad,,Desconocido,Dato vacío → Desconocido (se traduce)
innario,inno-279,Venite a me,tempo_bpm,,Desconocido,Dato vacío → Desconocido (se traduce)
innario,inno-279,Venite a me,compas,,Desconocido,Dato vacío → Desconocido (se traduce)
innario,inno-280,Vorrei udir parlar,tonalidad,,Desconocido,Dato vacío → Desconocido (se traduce)
innario,inno-280,Vorrei udir parlar,tempo_bpm,,Desconocido,Dato vacío → Desconocido (se traduce)
innario,inno-280,Vorrei udir parlar,compas,,Desconocido,Dato vacío → Desconocido (se traduce)
innario,inno-281,O tu che salvi il peccator,tonalidad,,Desconocido,Dato vacío → Desconocido (se traduce)
innario,inno-281,O tu che salvi il peccator,tempo_bpm,,Desconocido,Dato vacío → Desconocido (se traduce)
innario,inno-281,O tu che salvi il peccator,compas,,Desconocido,Dato vacío → Desconocido (se traduce)
innario,inno-282,Gioia in ciel!,tonalidad,,Desconocido,Dato vacío → Desconocido (se traduce)
innario,inno-282,Gioia in ciel!,tempo_bpm,,Desconocido,Dato vacío → Desconocido (se traduce)
innario,inno-282,Gioia in ciel!,compas,,Desconocido,Dato vacío → Desconocido (se traduce)
innario,inno-283,"Dio potente, sol rifugio",tonalidad,,Desconocido,Dato vacío → Desconocido (se traduce)
innario,inno-283,"Dio potente, sol rifugio",tempo_bpm,,Desconocido,Dato vacío → Desconocido (se traduce)
innario,inno-283,"Dio potente, sol rifugio",compas,,Desconocido,Dato vacío → Desconocido (se traduce)
innario,inno-284,Tu che vivi nell'error,tonalidad,,Desconocido,Dato vacío → Desconocido (se traduce)
innario,inno-284,Tu che vivi nell'error,tempo_bpm,,Desconocido,Dato vacío → Desconocido (se traduce)
innario,inno-284,Tu che vivi nell'error,compas,,Desconocido,Dato vacío → Desconocido (se traduce)
innario,inno-285,O Padre mio celeste,tonalidad,,Desconocido,Dato vacío → Desconocido (se traduce)
innario,inno-285,O Padre mio celeste,tempo_bpm,,Desconocido,Dato vacío → Desconocido (se traduce)
innario,inno-285,O Padre mio celeste,compas,,Desconocido,Dato vacío → Desconocido (se traduce)
innario,inno-286,"È così dolce il nome tuo, Gesù",tonalidad,,Desconocido,Dato vacío → Desconocido (se traduce)
innario,inno-286,"È così dolce il nome tuo, Gesù",tempo_bpm,,Desconocido,Dato vacío → Desconocido (se traduce)
innario,inno-286,"È così dolce il nome tuo, Gesù",compas,,Desconocido,Dato vacío → Desconocido (se traduce)
innario,inno-287,Un canto dedicarti io vo',tonalidad,,Desconocido,Dato vacío → Desconocido (se traduce)
innario,inno-287,Un canto dedicarti io vo',tempo_bpm,,Desconocido,Dato vacío → Desconocido (se traduce)
innario,inno-287,Un canto dedicarti io vo',compas,,Desconocido,Dato vacío → Desconocido (se traduce)
innario,inno-288,"Signor, grande sei",tonalidad,,Desconocido,Dato vacío → Desconocido (se traduce)
innario,inno-288,"Signor, grande sei",tempo_bpm,,Desconocido,Dato vacío → Desconocido (se traduce)
innario,inno-288,"Signor, grande sei",compas,,Desconocido,Dato vacío → Desconocido (se traduce)
innario,inno-289,"Vengo al tuo trono, o mio Signor",tonalidad,,Desconocido,Dato vacío → Desconocido (se traduce)
innario,inno-289,"Vengo al tuo trono, o mio Signor",tempo_bpm,,Desconocido,Dato vacío → Desconocido (se traduce)
innario,inno-289,"Vengo al tuo trono, o mio Signor",compas,,Desconocido,Dato vacío → Desconocido (se traduce)
innario,inno-290,Tutto il buio della notte,tonalidad,,Desconocido,Dato vacío → Desconocido (se traduce)
innario,inno-290,Tutto il buio della notte,tempo_bpm,,Desconocido,Dato vacío → Desconocido (se traduce)
innario,inno-290,Tutto il buio della notte,compas,,Desconocido,Dato vacío → Desconocido (se traduce)
innario,inno-291,"O Signore, a Te dinanzi",tonalidad,,Desconocido,Dato vacío → Desconocido (se traduce)
innario,inno-291,"O Signore, a Te dinanzi",tempo_bpm,,Desconocido,Dato vacío → Desconocido (se traduce)
innario,inno-291,"O Signore, a Te dinanzi",compas,,Desconocido,Dato vacío → Desconocido (se traduce)
innario,inno-292,Il tuo volto scorgo al mattin,tonalidad,,Desconocido,Dato vacío → Desconocido (se traduce)
innario,inno-292,Il tuo volto scorgo al mattin,tempo_bpm,,Desconocido,Dato vacío → Desconocido (se traduce)
innario,inno-292,Il tuo volto scorgo al mattin,compas,,Desconocido,Dato vacío → Desconocido (se traduce)
innario,inno-293,Innalza un lieto cantico,tonalidad,,Desconocido,Dato vacío → Desconocido (se traduce)
innario,inno-293,Innalza un lieto cantico,tempo_bpm,,Desconocido,Dato vacío → Desconocido (se traduce)
innario,inno-293,Innalza un lieto cantico,compas,,Desconocido,Dato vacío → Desconocido (se traduce)
innario,inno-294,Siamo grati a te,tonalidad,,Desconocido,Dato vacío → Desconocido (se traduce)
innario,inno-294,Siamo grati a te,tempo_bpm,,Desconocido,Dato vacío → Desconocido (se traduce)
innario,inno-294,Siamo grati a te,compas,,Desconocido,Dato vacío → Desconocido (se traduce)
innario,inno-295,Nella gioia e l'allegrezza,tonalidad,,Desconocido,Dato vacío → Desconocido (se traduce)
innario,inno-295,Nella gioia e l'allegrezza,tempo_bpm,,Desconocido,Dato vacío → Desconocido (se traduce)
innario,inno-295,Nella gioia e l'allegrezza,compas,,Desconocido,Dato vacío → Desconocido (se traduce)
innario,inno-296,Oggi io sono felice,tonalidad,,Desconocido,Dato vacío → Desconocido (se traduce)
innario,inno-296,Oggi io sono felice,tempo_bpm,,Desconocido,Dato vacío → Desconocido (se traduce)
innario,inno-296,Oggi io sono felice,compas,,Desconocido,Dato vacío → Desconocido (se traduce)
innario,inno-297,Redento,tonalidad,,Desconocido,Dato vacío → Desconocido (se traduce)
innario,inno-297,Redento,tempo_bpm,,Desconocido,Dato vacío → Desconocido (se traduce)
innario,inno-297,Redento,compas,,Desconocido,Dato vacío → Desconocido (se traduce)
innario,inno-298,Chi potrà dir qual sia la gioia,tonalidad,,Desconocido,Dato vacío → Desconocido (se traduce)
innario,inno-298,Chi potrà dir qual sia la gioia,tempo_bpm,,Desconocido,Dato vacío → Desconocido (se traduce)
innario,inno-298,Chi potrà dir qual sia la gioia,compas,,Desconocido,Dato vacío → Desconocido (se traduce)
innario,inno-299,"Perdona a noi, o Re del ciel",tonalidad,,Desconocido,Dato vacío → Desconocido (se traduce)
innario,inno-299,"Perdona a noi, o Re del ciel",tempo_bpm,,Desconocido,Dato vacío → Desconocido (se traduce)
innario,inno-299,"Perdona a noi, o Re del ciel",compas,,Desconocido,Dato vacío → Desconocido (se traduce)
innario,inno-300,"Gesù, perdonami",tonalidad,,Desconocido,Dato vacío → Desconocido (se traduce)
innario,inno-300,"Gesù, perdonami",tempo_bpm,,Desconocido,Dato vacío → Desconocido (se traduce)
innario,inno-300,"Gesù, perdonami",compas,,Desconocido,Dato vacío → Desconocido (se traduce)
innario,inno-301,Mi leverò e andrò dal Padre,tonalidad,,Desconocido,Dato vacío → Desconocido (se traduce)
innario,inno-301,Mi leverò e andrò dal Padre,tempo_bpm,,Desconocido,Dato vacío → Desconocido (se traduce)
innario,inno-301,Mi leverò e andrò dal Padre,compas,,Desconocido,Dato vacío → Desconocido (se traduce)
innario,inno-302,"O Agnello, vengo a te",tonalidad,,Desconocido,Dato vacío → Desconocido (se traduce)
innario,inno-302,"O Agnello, vengo a te",tempo_bpm,,Desconocido,Dato vacío → Desconocido (se traduce)
innario,inno-302,"O Agnello, vengo a te",compas,,Desconocido,Dato vacío → Desconocido (se traduce)
innario,inno-303,Benignamente guardami,tonalidad,,Desconocido,Dato vacío → Desconocido (se traduce)
innario,inno-303,Benignamente guardami,tempo_bpm,,Desconocido,Dato vacío → Desconocido (se traduce)
innario,inno-303,Benignamente guardami,compas,,Desconocido,Dato vacío → Desconocido (se traduce)
innario,inno-304,M'inginocchio a te dinanzi,tonalidad,,Desconocido,Dato vacío → Desconocido (se traduce)
innario,inno-304,M'inginocchio a te dinanzi,tempo_bpm,,Desconocido,Dato vacío → Desconocido (se traduce)
innario,inno-304,M'inginocchio a te dinanzi,compas,,Desconocido,Dato vacío → Desconocido (se traduce)
innario,inno-305,"Così qual sono, Signore mio Re",tonalidad,,Desconocido,Dato vacío → Desconocido (se traduce)
innario,inno-305,"Così qual sono, Signore mio Re",tempo_bpm,,Desconocido,Dato vacío → Desconocido (se traduce)
innario,inno-305,"Così qual sono, Signore mio Re",compas,,Desconocido,Dato vacío → Desconocido (se traduce)
innario,inno-306,Dal profondo del cuor,tonalidad,,Desconocido,Dato vacío → Desconocido (se traduce)
innario,inno-306,Dal profondo del cuor,tempo_bpm,,Desconocido,Dato vacío → Desconocido (se traduce)
innario,inno-306,Dal profondo del cuor,compas,,Desconocido,Dato vacío → Desconocido (se traduce)
innario,inno-307,Io sento la tua voce,tonalidad,,Desconocido,Dato vacío → Desconocido (se traduce)
innario,inno-307,Io sento la tua voce,tempo_bpm,,Desconocido,Dato vacío → Desconocido (se traduce)
innario,inno-307,Io sento la tua voce,compas,,Desconocido,Dato vacío → Desconocido (se traduce)
innario,inno-308,Ai piedi della croce,tonalidad,,Desconocido,Dato vacío → Desconocido (se traduce)
innario,inno-308,Ai piedi della croce,tempo_bpm,,Desconocido,Dato vacío → Desconocido (se traduce)
innario,inno-308,Ai piedi della croce,compas,,Desconocido,Dato vacío → Desconocido (se traduce)
innario,inno-309,"Ai tuoi piedi, Gesù santo",tonalidad,,Desconocido,Dato vacío → Desconocido (se traduce)
innario,inno-309,"Ai tuoi piedi, Gesù santo",tempo_bpm,,Desconocido,Dato vacío → Desconocido (se traduce)
innario,inno-309,"Ai tuoi piedi, Gesù santo",compas,,Desconocido,Dato vacío → Desconocido (se traduce)
innario,inno-310,"Signor, la voce tua",tonalidad,,Desconocido,Dato vacío → Desconocido (se traduce)
innario,inno-310,"Signor, la voce tua",tempo_bpm,,Desconocido,Dato vacío → Desconocido (se traduce)
innario,inno-310,"Signor, la voce tua",compas,,Desconocido,Dato vacío → Desconocido (se traduce)
innario,inno-311,"Così qual sono, pien di peccato",tonalidad,,Desconocido,Dato vacío → Desconocido (se traduce)
innario,inno-311,"Così qual sono, pien di peccato",tempo_bpm,,Desconocido,Dato vacío → Desconocido (se traduce)
innario,inno-311,"Così qual sono, pien di peccato",compas,,Desconocido,Dato vacío → Desconocido (se traduce)
innario,inno-312,Dei padri vivida fede immortal,tonalidad,,Desconocido,Dato vacío → Desconocido (se traduce)
innario,inno-312,Dei padri vivida fede immortal,tempo_bpm,,Desconocido,Dato vacío → Desconocido (se traduce)
innario,inno-312,Dei padri vivida fede immortal,compas,,Desconocido,Dato vacío → Desconocido (se traduce)
innario,inno-313,Il sol tramonta,tonalidad,,Desconocido,Dato vacío → Desconocido (se traduce)
innario,inno-313,Il sol tramonta,tempo_bpm,,Desconocido,Dato vacío → Desconocido (se traduce)
innario,inno-313,Il sol tramonta,compas,,Desconocido,Dato vacío → Desconocido (se traduce)
innario,inno-314,"Tace il vento, brilla il ciel",tonalidad,,Desconocido,Dato vacío → Desconocido (se traduce)
innario,inno-314,"Tace il vento, brilla il ciel",tempo_bpm,,Desconocido,Dato vacío → Desconocido (se traduce)
innario,inno-314,"Tace il vento, brilla il ciel",compas,,Desconocido,Dato vacío → Desconocido (se traduce)
innario,inno-315,Redentor celeste,tonalidad,,Desconocido,Dato vacío → Desconocido (se traduce)
innario,inno-315,Redentor celeste,tempo_bpm,,Desconocido,Dato vacío → Desconocido (se traduce)
innario,inno-315,Redentor celeste,compas,,Desconocido,Dato vacío → Desconocido (se traduce)
innario,inno-316,Resta con noi,tonalidad,,Desconocido,Dato vacío → Desconocido (se traduce)
innario,inno-316,Resta con noi,tempo_bpm,,Desconocido,Dato vacío → Desconocido (se traduce)
innario,inno-316,Resta con noi,compas,,Desconocido,Dato vacío → Desconocido (se traduce)
innario,inno-317,Io voglio questa sera,tonalidad,,Desconocido,Dato vacío → Desconocido (se traduce)
innario,inno-317,Io voglio questa sera,tempo_bpm,,Desconocido,Dato vacío → Desconocido (se traduce)
innario,inno-317,Io voglio questa sera,compas,,Desconocido,Dato vacío → Desconocido (se traduce)
innario,inno-318,"Son grato a te, o Salvator",tonalidad,,Desconocido,Dato vacío → Desconocido (se traduce)
innario,inno-318,"Son grato a te, o Salvator",tempo_bpm,,Desconocido,Dato vacío → Desconocido (se traduce)
innario,inno-318,"Son grato a te, o Salvator",compas,,Desconocido,Dato vacío → Desconocido (se traduce)
innario,inno-319,Cammino da solo in giardino,tonalidad,,Desconocido,Dato vacío → Desconocido (se traduce)
innario,inno-319,Cammino da solo in giardino,tempo_bpm,,Desconocido,Dato vacío → Desconocido (se traduce)
innario,inno-319,Cammino da solo in giardino,compas,,Desconocido,Dato vacío → Desconocido (se traduce)
innario,inno-320,Il mio Signore,tonalidad,,Desconocido,Dato vacío → Desconocido (se traduce)
innario,inno-320,Il mio Signore,tempo_bpm,,Desconocido,Dato vacío → Desconocido (se traduce)
innario,inno-320,Il mio Signore,compas,,Desconocido,Dato vacío → Desconocido (se traduce)
innario,inno-321,Verso te la voce alziamo,tonalidad,,Desconocido,Dato vacío → Desconocido (se traduce)
innario,inno-321,Verso te la voce alziamo,tempo_bpm,,Desconocido,Dato vacío → Desconocido (se traduce)
innario,inno-321,Verso te la voce alziamo,compas,,Desconocido,Dato vacío → Desconocido (se traduce)
innario,inno-322,Scende la quieta notte,tonalidad,,Desconocido,Dato vacío → Desconocido (se traduce)
innario,inno-322,Scende la quieta notte,tempo_bpm,,Desconocido,Dato vacío → Desconocido (se traduce)
innario,inno-322,Scende la quieta notte,compas,,Desconocido,Dato vacío → Desconocido (se traduce)
innario,inno-323,Quando spunta il raggio mattutino,tonalidad,,Desconocido,Dato vacío → Desconocido (se traduce)
innario,inno-323,Quando spunta il raggio mattutino,tempo_bpm,,Desconocido,Dato vacío → Desconocido (se traduce)
innario,inno-323,Quando spunta il raggio mattutino,compas,,Desconocido,Dato vacío → Desconocido (se traduce)
innario,inno-324,Per tutto il ben,tonalidad,,Desconocido,Dato vacío → Desconocido (se traduce)
innario,inno-324,Per tutto il ben,tempo_bpm,,Desconocido,Dato vacío → Desconocido (se traduce)
innario,inno-324,Per tutto il ben,compas,,Desconocido,Dato vacío → Desconocido (se traduce)
innario,inno-325,Il giorno è finito,tonalidad,,Desconocido,Dato vacío → Desconocido (se traduce)
innario,inno-325,Il giorno è finito,tempo_bpm,,Desconocido,Dato vacío → Desconocido (se traduce)
innario,inno-325,Il giorno è finito,compas,,Desconocido,Dato vacío → Desconocido (se traduce)
innario,inno-326,Veglia al mattin,tonalidad,,Desconocido,Dato vacío → Desconocido (se traduce)
innario,inno-326,Veglia al mattin,tempo_bpm,,Desconocido,Dato vacío → Desconocido (se traduce)
innario,inno-326,Veglia al mattin,compas,,Desconocido,Dato vacío → Desconocido (se traduce)
innario,inno-327,O tu che doni la vita,tonalidad,,Desconocido,Dato vacío → Desconocido (se traduce)
innario,inno-327,O tu che doni la vita,tempo_bpm,,Desconocido,Dato vacío → Desconocido (se traduce)
innario,inno-327,O tu che doni la vita,compas,,Desconocido,Dato vacío → Desconocido (se traduce)
innario,inno-328,Senza te non c'è luce,tonalidad,,Desconocido,Dato vacío → Desconocido (se traduce)
innario,inno-328,Senza te non c'è luce,tempo_bpm,,Desconocido,Dato vacío → Desconocido (se traduce)
innario,inno-328,Senza te non c'è luce,compas,,Desconocido,Dato vacío → Desconocido (se traduce)
innario,inno-329,Venga il tuo regno,tonalidad,,Desconocido,Dato vacío → Desconocido (se traduce)
innario,inno-329,Venga il tuo regno,tempo_bpm,,Desconocido,Dato vacío → Desconocido (se traduce)
innario,inno-329,Venga il tuo regno,compas,,Desconocido,Dato vacío → Desconocido (se traduce)
innario,inno-330,"Signore, dall'alto dei cieli",tonalidad,,Desconocido,Dato vacío → Desconocido (se traduce)
innario,inno-330,"Signore, dall'alto dei cieli",tempo_bpm,,Desconocido,Dato vacío → Desconocido (se traduce)
innario,inno-330,"Signore, dall'alto dei cieli",compas,,Desconocido,Dato vacío → Desconocido (se traduce)
innario,inno-331,Signore che col tuo sangue,tonalidad,,Desconocido,Dato vacío → Desconocido (se traduce)
innario,inno-331,Signore che col tuo sangue,tempo_bpm,,Desconocido,Dato vacío → Desconocido (se traduce)
innario,inno-331,Signore che col tuo sangue,compas,,Desconocido,Dato vacío → Desconocido (se traduce)
innario,inno-332,Sull'ali d'oro della fede,tonalidad,,Desconocido,Dato vacío → Desconocido (se traduce)
innario,inno-332,Sull'ali d'oro della fede,tempo_bpm,,Desconocido,Dato vacío → Desconocido (se traduce)
innario,inno-332,Sull'ali d'oro della fede,compas,,Desconocido,Dato vacío → Desconocido (se traduce)
innario,inno-333,Com'è dolce la preghiera,tonalidad,,Desconocido,Dato vacío → Desconocido (se traduce)
innario,inno-333,Com'è dolce la preghiera,tempo_bpm,,Desconocido,Dato vacío → Desconocido (se traduce)
innario,inno-333,Com'è dolce la preghiera,compas,,Desconocido,Dato vacío → Desconocido (se traduce)
innario,inno-334,"Che cosa chiedi, Signore?",tonalidad,,Desconocido,Dato vacío → Desconocido (se traduce)
innario,inno-334,"Che cosa chiedi, Signore?",tempo_bpm,,Desconocido,Dato vacío → Desconocido (se traduce)
innario,inno-334,"Che cosa chiedi, Signore?",compas,,Desconocido,Dato vacío → Desconocido (se traduce)
innario,inno-335,Parlar come Gesù,tonalidad,,Desconocido,Dato vacío → Desconocido (se traduce)
innario,inno-335,Parlar come Gesù,tempo_bpm,,Desconocido,Dato vacío → Desconocido (se traduce)
innario,inno-335,Parlar come Gesù,compas,,Desconocido,Dato vacío → Desconocido (se traduce)
innario,inno-336,In questa placida ora,tonalidad,,Desconocido,Dato vacío → Desconocido (se traduce)
innario,inno-336,In questa placida ora,tempo_bpm,,Desconocido,Dato vacío → Desconocido (se traduce)
innario,inno-336,In questa placida ora,compas,,Desconocido,Dato vacío → Desconocido (se traduce)
innario,inno-337,"Padre, dona pace vera",tonalidad,,Desconocido,Dato vacío → Desconocido (se traduce)
innario,inno-337,"Padre, dona pace vera",tempo_bpm,,Desconocido,Dato vacío → Desconocido (se traduce)
innario,inno-337,"Padre, dona pace vera",compas,,Desconocido,Dato vacío → Desconocido (se traduce)
innario,inno-338,"Gesù, il Salvatore",tonalidad,,Desconocido,Dato vacío → Desconocido (se traduce)
innario,inno-338,"Gesù, il Salvatore",tempo_bpm,,Desconocido,Dato vacío → Desconocido (se traduce)
innario,inno-338,"Gesù, il Salvatore",compas,,Desconocido,Dato vacío → Desconocido (se traduce)
innario,inno-339,Padre nostro,tonalidad,,Desconocido,Dato vacío → Desconocido (se traduce)
innario,inno-339,Padre nostro,tempo_bpm,,Desconocido,Dato vacío → Desconocido (se traduce)
innario,inno-339,Padre nostro,compas,,Desconocido,Dato vacío → Desconocido (se traduce)
innario,inno-340,Più presso a te,tonalidad,,Desconocido,Dato vacío → Desconocido (se traduce)
innario,inno-340,Più presso a te,tempo_bpm,,Desconocido,Dato vacío → Desconocido (se traduce)
innario,inno-340,Più presso a te,compas,,Desconocido,Dato vacío → Desconocido (se traduce)
innario,inno-341,Padre nostro che in cielo dimori!,tonalidad,,Desconocido,Dato vacío → Desconocido (se traduce)
innario,inno-341,Padre nostro che in cielo dimori!,tempo_bpm,,Desconocido,Dato vacío → Desconocido (se traduce)
innario,inno-341,Padre nostro che in cielo dimori!,compas,,Desconocido,Dato vacío → Desconocido (se traduce)
innario,inno-342,Padre d'amore,tonalidad,,Desconocido,Dato vacío → Desconocido (se traduce)
innario,inno-342,Padre d'amore,tempo_bpm,,Desconocido,Dato vacío → Desconocido (se traduce)
innario,inno-342,Padre d'amore,compas,,Desconocido,Dato vacío → Desconocido (se traduce)
innario,inno-343,La croce tu innalza verso il ciel,tonalidad,,Desconocido,Dato vacío → Desconocido (se traduce)
innario,inno-343,La croce tu innalza verso il ciel,tempo_bpm,,Desconocido,Dato vacío → Desconocido (se traduce)
innario,inno-343,La croce tu innalza verso il ciel,compas,,Desconocido,Dato vacío → Desconocido (se traduce)
innario,inno-344,Dona all'alma mia,tonalidad,,Desconocido,Dato vacío → Desconocido (se traduce)
innario,inno-344,Dona all'alma mia,tempo_bpm,,Desconocido,Dato vacío → Desconocido (se traduce)
innario,inno-344,Dona all'alma mia,compas,,Desconocido,Dato vacío → Desconocido (se traduce)
innario,inno-345,"O Cristo, noi t'invochiamo",tonalidad,,Desconocido,Dato vacío → Desconocido (se traduce)
innario,inno-345,"O Cristo, noi t'invochiamo",tempo_bpm,,Desconocido,Dato vacío → Desconocido (se traduce)
innario,inno-345,"O Cristo, noi t'invochiamo",compas,,Desconocido,Dato vacío → Desconocido (se traduce)
innario,inno-346,"Veglia, prega, credi ognor",tonalidad,,Desconocido,Dato vacío → Desconocido (se traduce)
innario,inno-346,"Veglia, prega, credi ognor",tempo_bpm,,Desconocido,Dato vacío → Desconocido (se traduce)
innario,inno-346,"Veglia, prega, credi ognor",compas,,Desconocido,Dato vacío → Desconocido (se traduce)
innario,inno-347,"Deh, più vicino",tonalidad,,Desconocido,Dato vacío → Desconocido (se traduce)
innario,inno-347,"Deh, più vicino",tempo_bpm,,Desconocido,Dato vacío → Desconocido (se traduce)
innario,inno-347,"Deh, più vicino",compas,,Desconocido,Dato vacío → Desconocido (se traduce)
innario,inno-348,"Ovunque intorno a me, Signor",tonalidad,,Desconocido,Dato vacío → Desconocido (se traduce)
innario,inno-348,"Ovunque intorno a me, Signor",tempo_bpm,,Desconocido,Dato vacío → Desconocido (se traduce)
innario,inno-348,"Ovunque intorno a me, Signor",compas,,Desconocido,Dato vacío → Desconocido (se traduce)
innario,inno-349,Insieme noi stiamo pregando,tonalidad,,Desconocido,Dato vacío → Desconocido (se traduce)
innario,inno-349,Insieme noi stiamo pregando,tempo_bpm,,Desconocido,Dato vacío → Desconocido (se traduce)
innario,inno-349,Insieme noi stiamo pregando,compas,,Desconocido,Dato vacío → Desconocido (se traduce)
innario,inno-350,Torna presto Emmanuel!,tonalidad,,Desconocido,Dato vacío → Desconocido (se traduce)
innario,inno-350,Torna presto Emmanuel!,tempo_bpm,,Desconocido,Dato vacío → Desconocido (se traduce)
innario,inno-350,Torna presto Emmanuel!,compas,,Desconocido,Dato vacío → Desconocido (se traduce)
innario,inno-351,O nostro Creator,tonalidad,,Desconocido,Dato vacío → Desconocido (se traduce)
innario,inno-351,O nostro Creator,tempo_bpm,,Desconocido,Dato vacío → Desconocido (se traduce)
innario,inno-351,O nostro Creator,compas,,Desconocido,Dato vacío → Desconocido (se traduce)
innario,inno-352,O Re dei re che nel mio cuor,tonalidad,,Desconocido,Dato vacío → Desconocido (se traduce)
innario,inno-352,O Re dei re che nel mio cuor,tempo_bpm,,Desconocido,Dato vacío → Desconocido (se traduce)
innario,inno-352,O Re dei re che nel mio cuor,compas,,Desconocido,Dato vacío → Desconocido (se traduce)
innario,inno-353,"Padre, alla chiesa tua fedele",tonalidad,,Desconocido,Dato vacío → Desconocido (se traduce)
innario,inno-353,"Padre, alla chiesa tua fedele",tempo_bpm,,Desconocido,Dato vacío → Desconocido (se traduce)
innario,inno-353,"Padre, alla chiesa tua fedele",compas,,Desconocido,Dato vacío → Desconocido (se traduce)
innario,inno-354,"O Padre, Dio Santo",tonalidad,,Desconocido,Dato vacío → Desconocido (se traduce)
innario,inno-354,"O Padre, Dio Santo",tempo_bpm,,Desconocido,Dato vacío → Desconocido (se traduce)
innario,inno-354,"O Padre, Dio Santo",compas,,Desconocido,Dato vacío → Desconocido (se traduce)
innario,inno-355,"O Creatore, Padre d'amore",tonalidad,,Desconocido,Dato vacío → Desconocido (se traduce)
innario,inno-355,"O Creatore, Padre d'amore",tempo_bpm,,Desconocido,Dato vacío → Desconocido (se traduce)
innario,inno-355,"O Creatore, Padre d'amore",compas,,Desconocido,Dato vacío → Desconocido (se traduce)
innario,inno-356,"O Signore, con la croce",tonalidad,,Desconocido,Dato vacío → Desconocido (se traduce)
innario,inno-356,"O Signore, con la croce",tempo_bpm,,Desconocido,Dato vacío → Desconocido (se traduce)
innario,inno-356,"O Signore, con la croce",compas,,Desconocido,Dato vacío → Desconocido (se traduce)
innario,inno-357,In questo giorno,tonalidad,,Desconocido,Dato vacío → Desconocido (se traduce)
innario,inno-357,In questo giorno,tempo_bpm,,Desconocido,Dato vacío → Desconocido (se traduce)
innario,inno-357,In questo giorno,compas,,Desconocido,Dato vacío → Desconocido (se traduce)
innario,inno-358,"Il regno tuo, Signor",tonalidad,,Desconocido,Dato vacío → Desconocido (se traduce)
innario,inno-358,"Il regno tuo, Signor",tempo_bpm,,Desconocido,Dato vacío → Desconocido (se traduce)
innario,inno-358,"Il regno tuo, Signor",compas,,Desconocido,Dato vacío → Desconocido (se traduce)
innario,inno-359,O mio Signor,tonalidad,,Desconocido,Dato vacío → Desconocido (se traduce)
innario,inno-359,O mio Signor,tempo_bpm,,Desconocido,Dato vacío → Desconocido (se traduce)
innario,inno-359,O mio Signor,compas,,Desconocido,Dato vacío → Desconocido (se traduce)
innario,inno-360,"O Padre, tu che stai nel ciel",tonalidad,,Desconocido,Dato vacío → Desconocido (se traduce)
innario,inno-360,"O Padre, tu che stai nel ciel",tempo_bpm,,Desconocido,Dato vacío → Desconocido (se traduce)
innario,inno-360,"O Padre, tu che stai nel ciel",compas,,Desconocido,Dato vacío → Desconocido (se traduce)
innario,inno-361,Nel percorso di mia vita,tonalidad,,Desconocido,Dato vacío → Desconocido (se traduce)
innario,inno-361,Nel percorso di mia vita,tempo_bpm,,Desconocido,Dato vacío → Desconocido (se traduce)
innario,inno-361,Nel percorso di mia vita,compas,,Desconocido,Dato vacío → Desconocido (se traduce)
innario,inno-362,Qui raccolti al tuo cospetto,tonalidad,,Desconocido,Dato vacío → Desconocido (se traduce)
innario,inno-362,Qui raccolti al tuo cospetto,tempo_bpm,,Desconocido,Dato vacío → Desconocido (se traduce)
innario,inno-362,Qui raccolti al tuo cospetto,compas,,Desconocido,Dato vacío → Desconocido (se traduce)
innario,inno-363,Stai con noi,tonalidad,,Desconocido,Dato vacío → Desconocido (se traduce)
innario,inno-363,Stai con noi,tempo_bpm,,Desconocido,Dato vacío → Desconocido (se traduce)
innario,inno-363,Stai con noi,compas,,Desconocido,Dato vacío → Desconocido (se traduce)
innario,inno-364,Alzando gli occhi ai monti,tonalidad,,Desconocido,Dato vacío → Desconocido (se traduce)
innario,inno-364,Alzando gli occhi ai monti,tempo_bpm,,Desconocido,Dato vacío → Desconocido (se traduce)
innario,inno-364,Alzando gli occhi ai monti,compas,,Desconocido,Dato vacío → Desconocido (se traduce)
innario,inno-365,Quando spunta il giorno,tonalidad,,Desconocido,Dato vacío → Desconocido (se traduce)
innario,inno-365,Quando spunta il giorno,tempo_bpm,,Desconocido,Dato vacío → Desconocido (se traduce)
innario,inno-365,Quando spunta il giorno,compas,,Desconocido,Dato vacío → Desconocido (se traduce)
innario,inno-366,"Oh, mio fratello",tonalidad,,Desconocido,Dato vacío → Desconocido (se traduce)
innario,inno-366,"Oh, mio fratello",tempo_bpm,,Desconocido,Dato vacío → Desconocido (se traduce)
innario,inno-366,"Oh, mio fratello",compas,,Desconocido,Dato vacío → Desconocido (se traduce)
innario,inno-367,Sto pensando alla bella mia patria,tonalidad,,Desconocido,Dato vacío → Desconocido (se traduce)
innario,inno-367,Sto pensando alla bella mia patria,tempo_bpm,,Desconocido,Dato vacío → Desconocido (se traduce)
innario,inno-367,Sto pensando alla bella mia patria,compas,,Desconocido,Dato vacío → Desconocido (se traduce)
innario,inno-368,Avrò la vita eterna,tonalidad,,Desconocido,Dato vacío → Desconocido (se traduce)
innario,inno-368,Avrò la vita eterna,tempo_bpm,,Desconocido,Dato vacío → Desconocido (se traduce)
innario,inno-368,Avrò la vita eterna,compas,,Desconocido,Dato vacío → Desconocido (se traduce)
innario,inno-369,Salvo da tema,tonalidad,,Desconocido,Dato vacío → Desconocido (se traduce)
innario,inno-369,Salvo da tema,tempo_bpm,,Desconocido,Dato vacío → Desconocido (se traduce)
innario,inno-369,Salvo da tema,compas,,Desconocido,Dato vacío → Desconocido (se traduce)
innario,inno-370,Pellegrino in questa terra,tonalidad,,Desconocido,Dato vacío → Desconocido (se traduce)
innario,inno-370,Pellegrino in questa terra,tempo_bpm,,Desconocido,Dato vacío → Desconocido (se traduce)
innario,inno-370,Pellegrino in questa terra,compas,,Desconocido,Dato vacío → Desconocido (se traduce)
innario,inno-371,Son straniero in questa terra,tonalidad,,Desconocido,Dato vacío → Desconocido (se traduce)
innario,inno-371,Son straniero in questa terra,tempo_bpm,,Desconocido,Dato vacío → Desconocido (se traduce)
innario,inno-371,Son straniero in questa terra,compas,,Desconocido,Dato vacío → Desconocido (se traduce)
innario,inno-372,Sulle rive di quel fiume,tonalidad,,Desconocido,Dato vacío → Desconocido (se traduce)
innario,inno-372,Sulle rive di quel fiume,tempo_bpm,,Desconocido,Dato vacío → Desconocido (se traduce)
innario,inno-372,Sulle rive di quel fiume,compas,,Desconocido,Dato vacío → Desconocido (se traduce)
innario,inno-373,Il Salvator salvezza mi donò,tonalidad,,Desconocido,Dato vacío → Desconocido (se traduce)
innario,inno-373,Il Salvator salvezza mi donò,tempo_bpm,,Desconocido,Dato vacío → Desconocido (se traduce)
innario,inno-373,Il Salvator salvezza mi donò,compas,,Desconocido,Dato vacío → Desconocido (se traduce)
innario,inno-374,Aspetto il Signor,tonalidad,,Desconocido,Dato vacío → Desconocido (se traduce)
innario,inno-374,Aspetto il Signor,tempo_bpm,,Desconocido,Dato vacío → Desconocido (se traduce)
innario,inno-374,Aspetto il Signor,compas,,Desconocido,Dato vacío → Desconocido (se traduce)
innario,inno-375,Il sublime pensiero,tonalidad,,Desconocido,Dato vacío → Desconocido (se traduce)
innario,inno-375,Il sublime pensiero,tempo_bpm,,Desconocido,Dato vacío → Desconocido (se traduce)
innario,inno-375,Il sublime pensiero,compas,,Desconocido,Dato vacío → Desconocido (se traduce)
innario,inno-376,Un dì la mia vita,tonalidad,,Desconocido,Dato vacío → Desconocido (se traduce)
innario,inno-376,Un dì la mia vita,tempo_bpm,,Desconocido,Dato vacío → Desconocido (se traduce)
innario,inno-376,Un dì la mia vita,compas,,Desconocido,Dato vacío → Desconocido (se traduce)
innario,inno-377,Quando il suono della voce,tonalidad,,Desconocido,Dato vacío → Desconocido (se traduce)
innario,inno-377,Quando il suono della voce,tempo_bpm,,Desconocido,Dato vacío → Desconocido (se traduce)
innario,inno-377,Quando il suono della voce,compas,,Desconocido,Dato vacío → Desconocido (se traduce)
innario,inno-378,Su nel ciel un dì con te Signore,tonalidad,,Desconocido,Dato vacío → Desconocido (se traduce)
innario,inno-378,Su nel ciel un dì con te Signore,tempo_bpm,,Desconocido,Dato vacío → Desconocido (se traduce)
innario,inno-378,Su nel ciel un dì con te Signore,compas,,Desconocido,Dato vacío → Desconocido (se traduce)
innario,inno-379,Senza il Padre siam deboli e soli,tonalidad,,Desconocido,Dato vacío → Desconocido (se traduce)
innario,inno-379,Senza il Padre siam deboli e soli,tempo_bpm,,Desconocido,Dato vacío → Desconocido (se traduce)
innario,inno-379,Senza il Padre siam deboli e soli,compas,,Desconocido,Dato vacío → Desconocido (se traduce)
innario,inno-380,Il mio Gesù ascolta,tonalidad,,Desconocido,Dato vacío → Desconocido (se traduce)
innario,inno-380,Il mio Gesù ascolta,tempo_bpm,,Desconocido,Dato vacío → Desconocido (se traduce)
innario,inno-380,Il mio Gesù ascolta,compas,,Desconocido,Dato vacío → Desconocido (se traduce)
innario,inno-381,Il Signor mi parla al cuore,tonalidad,,Desconocido,Dato vacío → Desconocido (se traduce)
innario,inno-381,Il Signor mi parla al cuore,tempo_bpm,,Desconocido,Dato vacío → Desconocido (se traduce)
innario,inno-381,Il Signor mi parla al cuore,compas,,Desconocido,Dato vacío → Desconocido (se traduce)
innario,inno-382,"Il mio Gesù, il buon pastor",tonalidad,,Desconocido,Dato vacío → Desconocido (se traduce)
innario,inno-382,"Il mio Gesù, il buon pastor",tempo_bpm,,Desconocido,Dato vacío → Desconocido (se traduce)
innario,inno-382,"Il mio Gesù, il buon pastor",compas,,Desconocido,Dato vacío → Desconocido (se traduce)
innario,inno-383,Al di là del sol,tonalidad,,Desconocido,Dato vacío → Desconocido (se traduce)
innario,inno-383,Al di là del sol,tempo_bpm,,Desconocido,Dato vacío → Desconocido (se traduce)
innario,inno-383,Al di là del sol,compas,,Desconocido,Dato vacío → Desconocido (se traduce)
innario,inno-384,Ho un buon Padre che mi invita,tonalidad,,Desconocido,Dato vacío → Desconocido (se traduce)
innario,inno-384,Ho un buon Padre che mi invita,tempo_bpm,,Desconocido,Dato vacío → Desconocido (se traduce)
innario,inno-384,Ho un buon Padre che mi invita,compas,,Desconocido,Dato vacío → Desconocido (se traduce)
innario,inno-385,Ben può la fede,tonalidad,,Desconocido,Dato vacío → Desconocido (se traduce)
innario,inno-385,Ben può la fede,tempo_bpm,,Desconocido,Dato vacío → Desconocido (se traduce)
innario,inno-385,Ben può la fede,compas,,Desconocido,Dato vacío → Desconocido (se traduce)
innario,inno-386,Nel suo amore,tonalidad,,Desconocido,Dato vacío → Desconocido (se traduce)
innario,inno-386,Nel suo amore,tempo_bpm,,Desconocido,Dato vacío → Desconocido (se traduce)
innario,inno-386,Nel suo amore,compas,,Desconocido,Dato vacío → Desconocido (se traduce)
innario,inno-387,Quando di nuvole nere,tonalidad,,Desconocido,Dato vacío → Desconocido (se traduce)
innario,inno-387,Quando di nuvole nere,tempo_bpm,,Desconocido,Dato vacío → Desconocido (se traduce)
innario,inno-387,Quando di nuvole nere,compas,,Desconocido,Dato vacío → Desconocido (se traduce)
innario,inno-388,"Signor Gesù, fondamento d'amor",tonalidad,,Desconocido,Dato vacío → Desconocido (se traduce)
innario,inno-388,"Signor Gesù, fondamento d'amor",tempo_bpm,,Desconocido,Dato vacío → Desconocido (se traduce)
innario,inno-388,"Signor Gesù, fondamento d'amor",compas,,Desconocido,Dato vacío → Desconocido (se traduce)
innario,inno-389,In Gesù ripongo la speranza,tonalidad,,Desconocido,Dato vacío → Desconocido (se traduce)
innario,inno-389,In Gesù ripongo la speranza,tempo_bpm,,Desconocido,Dato vacío → Desconocido (se traduce)
innario,inno-389,In Gesù ripongo la speranza,compas,,Desconocido,Dato vacío → Desconocido (se traduce)
innario,inno-390,Gloria al Signor,tonalidad,,Desconocido,Dato vacío → Desconocido (se traduce)
innario,inno-390,Gloria al Signor,tempo_bpm,,Desconocido,Dato vacío → Desconocido (se traduce)
innario,inno-390,Gloria al Signor,compas,,Desconocido,Dato vacío → Desconocido (se traduce)
innario,inno-391,Ho un amico su nel cielo,tonalidad,,Desconocido,Dato vacío → Desconocido (se traduce)
innario,inno-391,Ho un amico su nel cielo,tempo_bpm,,Desconocido,Dato vacío → Desconocido (se traduce)
innario,inno-391,Ho un amico su nel cielo,compas,,Desconocido,Dato vacío → Desconocido (se traduce)
innario,inno-392,Cammino con fiducia,tonalidad,,Desconocido,Dato vacío → Desconocido (se traduce)
innario,inno-392,Cammino con fiducia,tempo_bpm,,Desconocido,Dato vacío → Desconocido (se traduce)
innario,inno-392,Cammino con fiducia,compas,,Desconocido,Dato vacío → Desconocido (se traduce)
innario,inno-393,"Gesù, riposo tu mi doni",tonalidad,,Desconocido,Dato vacío → Desconocido (se traduce)
innario,inno-393,"Gesù, riposo tu mi doni",tempo_bpm,,Desconocido,Dato vacío → Desconocido (se traduce)
innario,inno-393,"Gesù, riposo tu mi doni",compas,,Desconocido,Dato vacío → Desconocido (se traduce)
innario,inno-394,Forte rocca,tonalidad,,Desconocido,Dato vacío → Desconocido (se traduce)
innario,inno-394,Forte rocca,tempo_bpm,,Desconocido,Dato vacío → Desconocido (se traduce)
innario,inno-394,Forte rocca,compas,,Desconocido,Dato vacío → Desconocido (se traduce)
innario,inno-395,Fino alla morte saremo fedeli,tonalidad,,Desconocido,Dato vacío → Desconocido (se traduce)
innario,inno-395,Fino alla morte saremo fedeli,tempo_bpm,,Desconocido,Dato vacío → Desconocido (se traduce)
innario,inno-395,Fino alla morte saremo fedeli,compas,,Desconocido,Dato vacío → Desconocido (se traduce)
innario,inno-396,Poni in Dio la tua speranza,tonalidad,,Desconocido,Dato vacío → Desconocido (se traduce)
innario,inno-396,Poni in Dio la tua speranza,tempo_bpm,,Desconocido,Dato vacío → Desconocido (se traduce)
innario,inno-396,Poni in Dio la tua speranza,compas,,Desconocido,Dato vacío → Desconocido (se traduce)
innario,inno-397,L'Eterno è il mio pastore,tonalidad,,Desconocido,Dato vacío → Desconocido (se traduce)
innario,inno-397,L'Eterno è il mio pastore,tempo_bpm,,Desconocido,Dato vacío → Desconocido (se traduce)
innario,inno-397,L'Eterno è il mio pastore,compas,,Desconocido,Dato vacío → Desconocido (se traduce)
innario,inno-398,"O Salvator, tu sei mio solo Re",tonalidad,,Desconocido,Dato vacío → Desconocido (se traduce)
innario,inno-398,"O Salvator, tu sei mio solo Re",tempo_bpm,,Desconocido,Dato vacío → Desconocido (se traduce)
innario,inno-398,"O Salvator, tu sei mio solo Re",compas,,Desconocido,Dato vacío → Desconocido (se traduce)
innario,inno-399,"O mio Signor, se guardo il ciel",tonalidad,,Desconocido,Dato vacío → Desconocido (se traduce)
innario,inno-399,"O mio Signor, se guardo il ciel",tempo_bpm,,Desconocido,Dato vacío → Desconocido (se traduce)
innario,inno-399,"O mio Signor, se guardo il ciel",compas,,Desconocido,Dato vacío → Desconocido (se traduce)
innario,inno-400,Presso di te sicura,tonalidad,,Desconocido,Dato vacío → Desconocido (se traduce)
innario,inno-400,Presso di te sicura,tempo_bpm,,Desconocido,Dato vacío → Desconocido (se traduce)
innario,inno-400,Presso di te sicura,compas,,Desconocido,Dato vacío → Desconocido (se traduce)
innario,inno-401,Mi prendi per la mano,tonalidad,,Desconocido,Dato vacío → Desconocido (se traduce)
innario,inno-401,Mi prendi per la mano,tempo_bpm,,Desconocido,Dato vacío → Desconocido (se traduce)
innario,inno-401,Mi prendi per la mano,compas,,Desconocido,Dato vacío → Desconocido (se traduce)
innario,inno-402,La tua presenza brama,tonalidad,,Desconocido,Dato vacío → Desconocido (se traduce)
innario,inno-402,La tua presenza brama,tempo_bpm,,Desconocido,Dato vacío → Desconocido (se traduce)
innario,inno-402,La tua presenza brama,compas,,Desconocido,Dato vacío → Desconocido (se traduce)
innario,inno-403,La storia di Gesù,tonalidad,,Desconocido,Dato vacío → Desconocido (se traduce)
innario,inno-403,La storia di Gesù,tempo_bpm,,Desconocido,Dato vacío → Desconocido (se traduce)
innario,inno-403,La storia di Gesù,compas,,Desconocido,Dato vacío → Desconocido (se traduce)
innario,inno-404,La voce tua dolcissima,tonalidad,,Desconocido,Dato vacío → Desconocido (se traduce)
innario,inno-404,La voce tua dolcissima,tempo_bpm,,Desconocido,Dato vacío → Desconocido (se traduce)
innario,inno-404,La voce tua dolcissima,compas,,Desconocido,Dato vacío → Desconocido (se traduce)
innario,inno-405,Il Signor Gesù,tonalidad,,Desconocido,Dato vacío → Desconocido (se traduce)
innario,inno-405,Il Signor Gesù,tempo_bpm,,Desconocido,Dato vacío → Desconocido (se traduce)
innario,inno-405,Il Signor Gesù,compas,,Desconocido,Dato vacío → Desconocido (se traduce)
innario,inno-406,"Lungo rivi quieti, ombrosi",tonalidad,,Desconocido,Dato vacío → Desconocido (se traduce)
innario,inno-406,"Lungo rivi quieti, ombrosi",tempo_bpm,,Desconocido,Dato vacío → Desconocido (se traduce)
innario,inno-406,"Lungo rivi quieti, ombrosi",compas,,Desconocido,Dato vacío → Desconocido (se traduce)
innario,inno-407,Celeste Signore,tonalidad,,Desconocido,Dato vacío → Desconocido (se traduce)
innario,inno-407,Celeste Signore,tempo_bpm,,Desconocido,Dato vacío → Desconocido (se traduce)
innario,inno-407,Celeste Signore,compas,,Desconocido,Dato vacío → Desconocido (se traduce)
innario,inno-408,Incerto volgo il passo,tonalidad,,Desconocido,Dato vacío → Desconocido (se traduce)
innario,inno-408,Incerto volgo il passo,tempo_bpm,,Desconocido,Dato vacío → Desconocido (se traduce)
innario,inno-408,Incerto volgo il passo,compas,,Desconocido,Dato vacío → Desconocido (se traduce)
innario,inno-409,Celebriamo il Signore,tonalidad,,Desconocido,Dato vacío → Desconocido (se traduce)
innario,inno-409,Celebriamo il Signore,tempo_bpm,,Desconocido,Dato vacío → Desconocido (se traduce)
innario,inno-409,Celebriamo il Signore,compas,,Desconocido,Dato vacío → Desconocido (se traduce)
innario,inno-410,"Santo, Santo, Santo",tonalidad,,Desconocido,Dato vacío → Desconocido (se traduce)
innario,inno-410,"Santo, Santo, Santo",tempo_bpm,,Desconocido,Dato vacío → Desconocido (se traduce)
innario,inno-410,"Santo, Santo, Santo",compas,,Desconocido,Dato vacío → Desconocido (se traduce)
innario,inno-411,Nel tempio del Signore,tonalidad,,Desconocido,Dato vacío → Desconocido (se traduce)
innario,inno-411,Nel tempio del Signore,tempo_bpm,,Desconocido,Dato vacío → Desconocido (se traduce)
innario,inno-411,Nel tempio del Signore,compas,,Desconocido,Dato vacío → Desconocido (se traduce)
innario,inno-412,Al Re dei secoli,tonalidad,,Desconocido,Dato vacío → Desconocido (se traduce)
innario,inno-412,Al Re dei secoli,tempo_bpm,,Desconocido,Dato vacío → Desconocido (se traduce)
innario,inno-412,Al Re dei secoli,compas,,Desconocido,Dato vacío → Desconocido (se traduce)
innario,inno-413,Gloria al Padre,tonalidad,,Desconocido,Dato vacío → Desconocido (se traduce)
innario,inno-413,Gloria al Padre,tempo_bpm,,Desconocido,Dato vacío → Desconocido (se traduce)
innario,inno-413,Gloria al Padre,compas,,Desconocido,Dato vacío → Desconocido (se traduce)
innario,inno-414,Il Signor con noi dimori,tonalidad,,Desconocido,Dato vacío → Desconocido (se traduce)
innario,inno-414,Il Signor con noi dimori,tempo_bpm,,Desconocido,Dato vacío → Desconocido (se traduce)
innario,inno-414,Il Signor con noi dimori,compas,,Desconocido,Dato vacío → Desconocido (se traduce)
innario,inno-415,"Gloria al Padre, al Dio d'amor",tonalidad,,Desconocido,Dato vacío → Desconocido (se traduce)
innario,inno-415,"Gloria al Padre, al Dio d'amor",tempo_bpm,,Desconocido,Dato vacío → Desconocido (se traduce)
innario,inno-415,"Gloria al Padre, al Dio d'amor",compas,,Desconocido,Dato vacío → Desconocido (se traduce)
innario,inno-416,Pace in terra,tonalidad,,Desconocido,Dato vacío → Desconocido (se traduce)
innario,inno-416,Pace in terra,tempo_bpm,,Desconocido,Dato vacío → Desconocido (se traduce)
innario,inno-416,Pace in terra,compas,,Desconocido,Dato vacío → Desconocido (se traduce)
innario,inno-417,"Gloria a Dio, consolator",tonalidad,,Desconocido,Dato vacío → Desconocido (se traduce)
innario,inno-417,"Gloria a Dio, consolator",tempo_bpm,,Desconocido,Dato vacío → Desconocido (se traduce)
innario,inno-417,"Gloria a Dio, consolator",compas,,Desconocido,Dato vacío → Desconocido (se traduce)
innario,inno-418,Gloria al Padre onnipotente,tonalidad,,Desconocido,Dato vacío → Desconocido (se traduce)
innario,inno-418,Gloria al Padre onnipotente,tempo_bpm,,Desconocido,Dato vacío → Desconocido (se traduce)
innario,inno-418,Gloria al Padre onnipotente,compas,,Desconocido,Dato vacío → Desconocido (se traduce)
innario,inno-419,"O Eterno, benedici",tonalidad,,Desconocido,Dato vacío → Desconocido (se traduce)
innario,inno-419,"O Eterno, benedici",tempo_bpm,,Desconocido,Dato vacío → Desconocido (se traduce)
innario,inno-419,"O Eterno, benedici",compas,,Desconocido,Dato vacío → Desconocido (se traduce)
innario,inno-420,Santo è il mio Signor,tonalidad,,Desconocido,Dato vacío → Desconocido (se traduce)
innario,inno-420,Santo è il mio Signor,tempo_bpm,,Desconocido,Dato vacío → Desconocido (se traduce)
innario,inno-420,Santo è il mio Signor,compas,,Desconocido,Dato vacío → Desconocido (se traduce)
innario,inno-421,Iddio lodiam con lieta fè,tonalidad,,Desconocido,Dato vacío → Desconocido (se traduce)
innario,inno-421,Iddio lodiam con lieta fè,tempo_bpm,,Desconocido,Dato vacío → Desconocido (se traduce)
innario,inno-421,Iddio lodiam con lieta fè,compas,,Desconocido,Dato vacío → Desconocido (se traduce)
innario,inno-422,"Sia gloria a te, Signor",tonalidad,,Desconocido,Dato vacío → Desconocido (se traduce)
innario,inno-422,"Sia gloria a te, Signor",tempo_bpm,,Desconocido,Dato vacío → Desconocido (se traduce)
innario,inno-422,"Sia gloria a te, Signor",compas,,Desconocido,Dato vacío → Desconocido (se traduce)
innario,inno-423,Tre volte Santo,tonalidad,,Desconocido,Dato vacío → Desconocido (se traduce)
innario,inno-423,Tre volte Santo,tempo_bpm,,Desconocido,Dato vacío → Desconocido (se traduce)
innario,inno-423,Tre volte Santo,compas,,Desconocido,Dato vacío → Desconocido (se traduce)
innario,inno-424,Amen,tonalidad,,Desconocido,Dato vacío → Desconocido (se traduce)
innario,inno-424,Amen,tempo_bpm,,Desconocido,Dato vacío → Desconocido (se traduce)
innario,inno-424,Amen,compas,,Desconocido,Dato vacío → Desconocido (se traduce)
innario,inno-425,Shalom,tonalidad,,Desconocido,Dato vacío → Desconocido (se traduce)
innario,inno-425,Shalom,tempo_bpm,,Desconocido,Dato vacío → Desconocido (se traduce)
innario,inno-425,Shalom,compas,,Desconocido,Dato vacío → Desconocido (se traduce)
innario,inno-426,Al nostro Dio di verità,tonalidad,,Desconocido,Dato vacío → Desconocido (se traduce)
innario,inno-426,Al nostro Dio di verità,tempo_bpm,,Desconocido,Dato vacío → Desconocido (se traduce)
innario,inno-426,Al nostro Dio di verità,compas,,Desconocido,Dato vacío → Desconocido (se traduce)
innario,inno-427,Sette volte amen,tonalidad,,Desconocido,Dato vacío → Desconocido (se traduce)
innario,inno-427,Sette volte amen,tempo_bpm,,Desconocido,Dato vacío → Desconocido (se traduce)
innario,inno-427,Sette volte amen,compas,,Desconocido,Dato vacío → Desconocido (se traduce)
innario,inno-428,"Silenzio, silenzio",tonalidad,,Desconocido,Dato vacío → Desconocido (se traduce)
innario,inno-428,"Silenzio, silenzio",tempo_bpm,,Desconocido,Dato vacío → Desconocido (se traduce)
innario,inno-428,"Silenzio, silenzio",compas,,Desconocido,Dato vacío → Desconocido (se traduce)
innario,inno-429,"Amen, Signore, Amen",tonalidad,,Desconocido,Dato vacío → Desconocido (se traduce)
innario,inno-429,"Amen, Signore, Amen",tempo_bpm,,Desconocido,Dato vacío → Desconocido (se traduce)
innario,inno-429,"Amen, Signore, Amen",compas,,Desconocido,Dato vacío → Desconocido (se traduce)
innario,inno-430,La chiesa tua,tonalidad,,Desconocido,Dato vacío → Desconocido (se traduce)
innario,inno-430,La chiesa tua,tempo_bpm,,Desconocido,Dato vacío → Desconocido (se traduce)
innario,inno-430,La chiesa tua,compas,,Desconocido,Dato vacío → Desconocido (se traduce)
innario,inno-431,"Gran Dio, tu solo domini",tonalidad,,Desconocido,Dato vacío → Desconocido (se traduce)
innario,inno-431,"Gran Dio, tu solo domini",tempo_bpm,,Desconocido,Dato vacío → Desconocido (se traduce)
innario,inno-431,"Gran Dio, tu solo domini",compas,,Desconocido,Dato vacío → Desconocido (se traduce)
innario,inno-432,Questo bimbo noi t'offriamo,tonalidad,,Desconocido,Dato vacío → Desconocido (se traduce)
innario,inno-432,Questo bimbo noi t'offriamo,tempo_bpm,,Desconocido,Dato vacío → Desconocido (se traduce)
innario,inno-432,Questo bimbo noi t'offriamo,compas,,Desconocido,Dato vacío → Desconocido (se traduce)
innario,inno-433,Padre benigno,tonalidad,,Desconocido,Dato vacío → Desconocido (se traduce)
innario,inno-433,Padre benigno,tempo_bpm,,Desconocido,Dato vacío → Desconocido (se traduce)
innario,inno-433,Padre benigno,compas,,Desconocido,Dato vacío → Desconocido (se traduce)
innario,inno-434,"Dirigi tu, santifica",tonalidad,,Desconocido,Dato vacío → Desconocido (se traduce)
innario,inno-434,"Dirigi tu, santifica",tempo_bpm,,Desconocido,Dato vacío → Desconocido (se traduce)
innario,inno-434,"Dirigi tu, santifica",compas,,Desconocido,Dato vacío → Desconocido (se traduce)
innario,inno-435,È la casa un paradiso,tonalidad,,Desconocido,Dato vacío → Desconocido (se traduce)
innario,inno-435,È la casa un paradiso,tempo_bpm,,Desconocido,Dato vacío → Desconocido (se traduce)
innario,inno-435,È la casa un paradiso,compas,,Desconocido,Dato vacío → Desconocido (se traduce)
innario,inno-436,Fra bei palagi e ville,tonalidad,,Desconocido,Dato vacío → Desconocido (se traduce)
innario,inno-436,Fra bei palagi e ville,tempo_bpm,,Desconocido,Dato vacío → Desconocido (se traduce)
innario,inno-436,Fra bei palagi e ville,compas,,Desconocido,Dato vacío → Desconocido (se traduce)
innario,inno-437,Trascorso è appena un anno,tonalidad,,Desconocido,Dato vacío → Desconocido (se traduce)
innario,inno-437,Trascorso è appena un anno,tempo_bpm,,Desconocido,Dato vacío → Desconocido (se traduce)
innario,inno-437,Trascorso è appena un anno,compas,,Desconocido,Dato vacío → Desconocido (se traduce)
innario,inno-438,A questi tuoi figli,tonalidad,,Desconocido,Dato vacío → Desconocido (se traduce)
innario,inno-438,A questi tuoi figli,tempo_bpm,,Desconocido,Dato vacío → Desconocido (se traduce)
innario,inno-438,A questi tuoi figli,compas,,Desconocido,Dato vacío → Desconocido (se traduce)
innario,inno-439,O Eterno creator,tonalidad,,Desconocido,Dato vacío → Desconocido (se traduce)
innario,inno-439,O Eterno creator,tempo_bpm,,Desconocido,Dato vacío → Desconocido (se traduce)
innario,inno-439,O Eterno creator,compas,,Desconocido,Dato vacío → Desconocido (se traduce)
innario,inno-440,"Questo bimbo, o Salvator",tonalidad,,Desconocido,Dato vacío → Desconocido (se traduce)
innario,inno-440,"Questo bimbo, o Salvator",tempo_bpm,,Desconocido,Dato vacío → Desconocido (se traduce)
innario,inno-440,"Questo bimbo, o Salvator",compas,,Desconocido,Dato vacío → Desconocido (se traduce)
innario,inno-441,Gesù volge a noi la voce,tonalidad,,Desconocido,Dato vacío → Desconocido (se traduce)
innario,inno-441,Gesù volge a noi la voce,tempo_bpm,,Desconocido,Dato vacío → Desconocido (se traduce)
innario,inno-441,Gesù volge a noi la voce,compas,,Desconocido,Dato vacío → Desconocido (se traduce)
innario,inno-442,Cristo è il pane,tonalidad,,Desconocido,Dato vacío → Desconocido (se traduce)
innario,inno-442,Cristo è il pane,tempo_bpm,,Desconocido,Dato vacío → Desconocido (se traduce)
innario,inno-442,Cristo è il pane,compas,,Desconocido,Dato vacío → Desconocido (se traduce)
innario,inno-443,Agnel di Dio,tonalidad,,Desconocido,Dato vacío → Desconocido (se traduce)
innario,inno-443,Agnel di Dio,tempo_bpm,,Desconocido,Dato vacío → Desconocido (se traduce)
innario,inno-443,Agnel di Dio,compas,,Desconocido,Dato vacío → Desconocido (se traduce)
innario,inno-444,"Mio Signor, amar te solo",tonalidad,,Desconocido,Dato vacío → Desconocido (se traduce)
innario,inno-444,"Mio Signor, amar te solo",tempo_bpm,,Desconocido,Dato vacío → Desconocido (se traduce)
innario,inno-444,"Mio Signor, amar te solo",compas,,Desconocido,Dato vacío → Desconocido (se traduce)
innario,inno-445,"Alla tua mensa, o Cristo",tonalidad,,Desconocido,Dato vacío → Desconocido (se traduce)
innario,inno-445,"Alla tua mensa, o Cristo",tempo_bpm,,Desconocido,Dato vacío → Desconocido (se traduce)
innario,inno-445,"Alla tua mensa, o Cristo",compas,,Desconocido,Dato vacío → Desconocido (se traduce)
innario,inno-446,Incontro al mio Signore,tonalidad,,Desconocido,Dato vacío → Desconocido (se traduce)
innario,inno-446,Incontro al mio Signore,tempo_bpm,,Desconocido,Dato vacío → Desconocido (se traduce)
innario,inno-446,Incontro al mio Signore,compas,,Desconocido,Dato vacío → Desconocido (se traduce)
innario,inno-447,In quel mattino,tonalidad,,Desconocido,Dato vacío → Desconocido (se traduce)
innario,inno-447,In quel mattino,tempo_bpm,,Desconocido,Dato vacío → Desconocido (se traduce)
innario,inno-447,In quel mattino,compas,,Desconocido,Dato vacío → Desconocido (se traduce)
innario,inno-448,Spezziamo il pane,tonalidad,,Desconocido,Dato vacío → Desconocido (se traduce)
innario,inno-448,Spezziamo il pane,tempo_bpm,,Desconocido,Dato vacío → Desconocido (se traduce)
innario,inno-448,Spezziamo il pane,compas,,Desconocido,Dato vacío → Desconocido (se traduce)
innario,inno-449,"Gesù, il cibo vero",tonalidad,,Desconocido,Dato vacío → Desconocido (se traduce)
innario,inno-449,"Gesù, il cibo vero",tempo_bpm,,Desconocido,Dato vacío → Desconocido (se traduce)
innario,inno-449,"Gesù, il cibo vero",compas,,Desconocido,Dato vacío → Desconocido (se traduce)
innario,inno-450,Come la cerva,tonalidad,,Desconocido,Dato vacío → Desconocido (se traduce)
innario,inno-450,Come la cerva,tempo_bpm,,Desconocido,Dato vacío → Desconocido (se traduce)
innario,inno-450,Come la cerva,compas,,Desconocido,Dato vacío → Desconocido (se traduce)
innario,inno-451,"O Gesù, la mia luce sei sol tu",tonalidad,,Desconocido,Dato vacío → Desconocido (se traduce)
innario,inno-451,"O Gesù, la mia luce sei sol tu",tempo_bpm,,Desconocido,Dato vacío → Desconocido (se traduce)
innario,inno-451,"O Gesù, la mia luce sei sol tu",compas,,Desconocido,Dato vacío → Desconocido (se traduce)
innario,inno-452,Più in alto ancor,tonalidad,,Desconocido,Dato vacío → Desconocido (se traduce)
innario,inno-452,Più in alto ancor,tempo_bpm,,Desconocido,Dato vacío → Desconocido (se traduce)
innario,inno-452,Più in alto ancor,compas,,Desconocido,Dato vacío → Desconocido (se traduce)
innario,inno-453,Nell'abisso dell'error,tonalidad,,Desconocido,Dato vacío → Desconocido (se traduce)
innario,inno-453,Nell'abisso dell'error,tempo_bpm,,Desconocido,Dato vacío → Desconocido (se traduce)
innario,inno-453,Nell'abisso dell'error,compas,,Desconocido,Dato vacío → Desconocido (se traduce)
innario,inno-454,Pellegrino in duol,tonalidad,,Desconocido,Dato vacío → Desconocido (se traduce)
innario,inno-454,Pellegrino in duol,tempo_bpm,,Desconocido,Dato vacío → Desconocido (se traduce)
innario,inno-454,Pellegrino in duol,compas,,Desconocido,Dato vacío → Desconocido (se traduce)
innario,inno-455,Quando l'Eterno,tonalidad,,Desconocido,Dato vacío → Desconocido (se traduce)
innario,inno-455,Quando l'Eterno,tempo_bpm,,Desconocido,Dato vacío → Desconocido (se traduce)
innario,inno-455,Quando l'Eterno,compas,,Desconocido,Dato vacío → Desconocido (se traduce)
innario,inno-456,Al suonare della tromba,tonalidad,,Desconocido,Dato vacío → Desconocido (se traduce)
innario,inno-456,Al suonare della tromba,tempo_bpm,,Desconocido,Dato vacío → Desconocido (se traduce)
innario,inno-456,Al suonare della tromba,compas,,Desconocido,Dato vacío → Desconocido (se traduce)
innario,inno-457,Il Signor ti chiama,tonalidad,,Desconocido,Dato vacío → Desconocido (se traduce)
innario,inno-457,Il Signor ti chiama,tempo_bpm,,Desconocido,Dato vacío → Desconocido (se traduce)
innario,inno-457,Il Signor ti chiama,compas,,Desconocido,Dato vacío → Desconocido (se traduce)
innario,inno-458,Vestiti di vesti bianche,tonalidad,,Desconocido,Dato vacío → Desconocido (se traduce)
innario,inno-458,Vestiti di vesti bianche,tempo_bpm,,Desconocido,Dato vacío → Desconocido (se traduce)
innario,inno-458,Vestiti di vesti bianche,compas,,Desconocido,Dato vacío → Desconocido (se traduce)
innario,inno-459,"Seguiam, oh seguiam",tonalidad,,Desconocido,Dato vacío → Desconocido (se traduce)
innario,inno-459,"Seguiam, oh seguiam",tempo_bpm,,Desconocido,Dato vacío → Desconocido (se traduce)
innario,inno-459,"Seguiam, oh seguiam",compas,,Desconocido,Dato vacío → Desconocido (se traduce)
innario,inno-460,Sii fedele fino alla morte,tonalidad,,Desconocido,Dato vacío → Desconocido (se traduce)
innario,inno-460,Sii fedele fino alla morte,tempo_bpm,,Desconocido,Dato vacío → Desconocido (se traduce)
innario,inno-460,Sii fedele fino alla morte,compas,,Desconocido,Dato vacío → Desconocido (se traduce)
innario,inno-461,Ecco l'Agnello di Dio,tonalidad,,Desconocido,Dato vacío → Desconocido (se traduce)
innario,inno-461,Ecco l'Agnello di Dio,tempo_bpm,,Desconocido,Dato vacío → Desconocido (se traduce)
innario,inno-461,Ecco l'Agnello di Dio,compas,,Desconocido,Dato vacío → Desconocido (se traduce)
innario,inno-462,Ho visto che nel mondo,tonalidad,,Desconocido,Dato vacío → Desconocido (se traduce)
innario,inno-462,Ho visto che nel mondo,tempo_bpm,,Desconocido,Dato vacío → Desconocido (se traduce)
innario,inno-462,Ho visto che nel mondo,compas,,Desconocido,Dato vacío → Desconocido (se traduce)
innario,inno-463,"Tace il vento, calma è l'onda",tonalidad,,Desconocido,Dato vacío → Desconocido (se traduce)
innario,inno-463,"Tace il vento, calma è l'onda",tempo_bpm,,Desconocido,Dato vacío → Desconocido (se traduce)
innario,inno-463,"Tace il vento, calma è l'onda",compas,,Desconocido,Dato vacío → Desconocido (se traduce)
innario,inno-464,Divin Signor Gesù,tonalidad,,Desconocido,Dato vacío → Desconocido (se traduce)
innario,inno-464,Divin Signor Gesù,tempo_bpm,,Desconocido,Dato vacío → Desconocido (se traduce)
innario,inno-464,Divin Signor Gesù,compas,,Desconocido,Dato vacío → Desconocido (se traduce)
innario,inno-465,V'è un Edenne,tonalidad,,Desconocido,Dato vacío → Desconocido (se traduce)
innario,inno-465,V'è un Edenne,tempo_bpm,,Desconocido,Dato vacío → Desconocido (se traduce)
innario,inno-465,V'è un Edenne,compas,,Desconocido,Dato vacío → Desconocido (se traduce)
innario,inno-466,Erano novantanove,tonalidad,,Desconocido,Dato vacío → Desconocido (se traduce)
innario,inno-466,Erano novantanove,tempo_bpm,,Desconocido,Dato vacío → Desconocido (se traduce)
innario,inno-466,Erano novantanove,compas,,Desconocido,Dato vacío → Desconocido (se traduce)
innario,inno-467,Pellegrin sull'aspro sentier,tonalidad,,Desconocido,Dato vacío → Desconocido (se traduce)
innario,inno-467,Pellegrin sull'aspro sentier,tempo_bpm,,Desconocido,Dato vacío → Desconocido (se traduce)
innario,inno-467,Pellegrin sull'aspro sentier,compas,,Desconocido,Dato vacío → Desconocido (se traduce)
innario,inno-468,Io canterò l'immenso amor,tonalidad,,Desconocido,Dato vacío → Desconocido (se traduce)
innario,inno-468,Io canterò l'immenso amor,tempo_bpm,,Desconocido,Dato vacío → Desconocido (se traduce)
innario,inno-468,Io canterò l'immenso amor,compas,,Desconocido,Dato vacío → Desconocido (se traduce)
innario,inno-469,"Padre, nostro Padre",tonalidad,,Desconocido,Dato vacío → Desconocido (se traduce)
innario,inno-469,"Padre, nostro Padre",tempo_bpm,,Desconocido,Dato vacío → Desconocido (se traduce)
innario,inno-469,"Padre, nostro Padre",compas,,Desconocido,Dato vacío → Desconocido (se traduce)
innario,inno-470,A te,tonalidad,,Desconocido,Dato vacío → Desconocido (se traduce)
innario,inno-470,A te,tempo_bpm,,Desconocido,Dato vacío → Desconocido (se traduce)
innario,inno-470,A te,compas,,Desconocido,Dato vacío → Desconocido (se traduce)
innario,inno-471,Mille ragioni per credere,tonalidad,,Desconocido,Dato vacío → Desconocido (se traduce)
innario,inno-471,Mille ragioni per credere,tempo_bpm,,Desconocido,Dato vacío → Desconocido (se traduce)
innario,inno-471,Mille ragioni per credere,compas,,Desconocido,Dato vacío → Desconocido (se traduce)
innario,inno-472,All the time in the world,tonalidad,,Desconocido,Dato vacío → Desconocido (se traduce)
innario,inno-472,All the time in the world,tempo_bpm,,Desconocido,Dato vacío → Desconocido (se traduce)
innario,inno-472,All the time in the world,compas,,Desconocido,Dato vacío → Desconocido (se traduce)
innario,inno-473,Acqua siamo noi,tonalidad,,Desconocido,Dato vacío → Desconocido (se traduce)
innario,inno-473,Acqua siamo noi,tempo_bpm,,Desconocido,Dato vacío → Desconocido (se traduce)
innario,inno-473,Acqua siamo noi,compas,,Desconocido,Dato vacío → Desconocido (se traduce)
innario,inno-474,"Anima mia, gioisci nel Signore",tonalidad,,Desconocido,Dato vacío → Desconocido (se traduce)
innario,inno-474,"Anima mia, gioisci nel Signore",tempo_bpm,,Desconocido,Dato vacío → Desconocido (se traduce)
innario,inno-474,"Anima mia, gioisci nel Signore",compas,,Desconocido,Dato vacío → Desconocido (se traduce)
innario,inno-475,And you shall seek me,tonalidad,,Desconocido,Dato vacío → Desconocido (se traduce)
innario,inno-475,And you shall seek me,tempo_bpm,,Desconocido,Dato vacío → Desconocido (se traduce)
innario,inno-475,And you shall seek me,compas,,Desconocido,Dato vacío → Desconocido (se traduce)
innario,inno-476,Apri i miei occhi,tonalidad,,Desconocido,Dato vacío → Desconocido (se traduce)
innario,inno-476,Apri i miei occhi,tempo_bpm,,Desconocido,Dato vacío → Desconocido (se traduce)
innario,inno-476,Apri i miei occhi,compas,,Desconocido,Dato vacío → Desconocido (se traduce)
innario,inno-477,Vorrei dirti,tonalidad,,Desconocido,Dato vacío → Desconocido (se traduce)
innario,inno-477,Vorrei dirti,tempo_bpm,,Desconocido,Dato vacío → Desconocido (se traduce)
innario,inno-477,Vorrei dirti,compas,,Desconocido,Dato vacío → Desconocido (se traduce)
innario,inno-478,Benvenuto fra noi,tonalidad,,Desconocido,Dato vacío → Desconocido (se traduce)
innario,inno-478,Benvenuto fra noi,tempo_bpm,,Desconocido,Dato vacío → Desconocido (se traduce)
innario,inno-478,Benvenuto fra noi,compas,,Desconocido,Dato vacío → Desconocido (se traduce)
innario,inno-479,Cambia il cuore mio,tonalidad,,Desconocido,Dato vacío → Desconocido (se traduce)
innario,inno-479,Cambia il cuore mio,tempo_bpm,,Desconocido,Dato vacío → Desconocido (se traduce)
innario,inno-479,Cambia il cuore mio,compas,,Desconocido,Dato vacío → Desconocido (se traduce)
innario,inno-480,Canta alleluia al Signor,tonalidad,,Desconocido,Dato vacío → Desconocido (se traduce)
innario,inno-480,Canta alleluia al Signor,tempo_bpm,,Desconocido,Dato vacío → Desconocido (se traduce)
innario,inno-480,Canta alleluia al Signor,compas,,Desconocido,Dato vacío → Desconocido (se traduce)
innario,inno-481,Canto di vittoria,tonalidad,,Desconocido,Dato vacío → Desconocido (se traduce)
innario,inno-481,Canto di vittoria,tempo_bpm,,Desconocido,Dato vacío → Desconocido (se traduce)
innario,inno-481,Canto di vittoria,compas,,Desconocido,Dato vacío → Desconocido (se traduce)
innario,inno-482,Come David,tonalidad,,Desconocido,Dato vacío → Desconocido (se traduce)
innario,inno-482,Come David,tempo_bpm,,Desconocido,Dato vacío → Desconocido (se traduce)
innario,inno-482,Come David,compas,,Desconocido,Dato vacío → Desconocido (se traduce)
innario,inno-483,Con quanta gioia,tonalidad,,Desconocido,Dato vacío → Desconocido (se traduce)
innario,inno-483,Con quanta gioia,tempo_bpm,,Desconocido,Dato vacío → Desconocido (se traduce)
innario,inno-483,Con quanta gioia,compas,,Desconocido,Dato vacío → Desconocido (se traduce)
innario,inno-484,"Che dolce amico, Gesù",tonalidad,,Desconocido,Dato vacío → Desconocido (se traduce)
innario,inno-484,"Che dolce amico, Gesù",tempo_bpm,,Desconocido,Dato vacío → Desconocido (se traduce)
innario,inno-484,"Che dolce amico, Gesù",compas,,Desconocido,Dato vacío → Desconocido (se traduce)
innario,inno-485,Canta al Signore,tonalidad,,Desconocido,Dato vacío → Desconocido (se traduce)
innario,inno-485,Canta al Signore,tempo_bpm,,Desconocido,Dato vacío → Desconocido (se traduce)
innario,inno-485,Canta al Signore,compas,,Desconocido,Dato vacío → Desconocido (se traduce)
innario,inno-486,Apri il tuo cuore,tonalidad,,Desconocido,Dato vacío → Desconocido (se traduce)
innario,inno-486,Apri il tuo cuore,tempo_bpm,,Desconocido,Dato vacío → Desconocido (se traduce)
innario,inno-486,Apri il tuo cuore,compas,,Desconocido,Dato vacío → Desconocido (se traduce)
innario,inno-487,Cos'è uomo Signore?,tonalidad,,Desconocido,Dato vacío → Desconocido (se traduce)
innario,inno-487,Cos'è uomo Signore?,tempo_bpm,,Desconocido,Dato vacío → Desconocido (se traduce)
innario,inno-487,Cos'è uomo Signore?,compas,,Desconocido,Dato vacío → Desconocido (se traduce)
innario,inno-488,Dalla nascita del sol,tonalidad,,Desconocido,Dato vacío → Desconocido (se traduce)
innario,inno-488,Dalla nascita del sol,tempo_bpm,,Desconocido,Dato vacío → Desconocido (se traduce)
innario,inno-488,Dalla nascita del sol,compas,,Desconocido,Dato vacío → Desconocido (se traduce)
innario,inno-489,Da gente a gente,tonalidad,,Desconocido,Dato vacío → Desconocido (se traduce)
innario,inno-489,Da gente a gente,tempo_bpm,,Desconocido,Dato vacío → Desconocido (se traduce)
innario,inno-489,Da gente a gente,compas,,Desconocido,Dato vacío → Desconocido (se traduce)
innario,inno-490,Dio è buono,tonalidad,,Desconocido,Dato vacío → Desconocido (se traduce)
innario,inno-490,Dio è buono,tempo_bpm,,Desconocido,Dato vacío → Desconocido (se traduce)
innario,inno-490,Dio è buono,compas,,Desconocido,Dato vacío → Desconocido (se traduce)
innario,inno-491,Fammi tuo servo,tonalidad,,Desconocido,Dato vacío → Desconocido (se traduce)
innario,inno-491,Fammi tuo servo,tempo_bpm,,Desconocido,Dato vacío → Desconocido (se traduce)
innario,inno-491,Fammi tuo servo,compas,,Desconocido,Dato vacío → Desconocido (se traduce)
innario,inno-492,El Shaddai,tonalidad,,Desconocido,Dato vacío → Desconocido (se traduce)
innario,inno-492,El Shaddai,tempo_bpm,,Desconocido,Dato vacío → Desconocido (se traduce)
innario,inno-492,El Shaddai,compas,,Desconocido,Dato vacío → Desconocido (se traduce)
innario,inno-493,Fear not,tonalidad,,Desconocido,Dato vacío → Desconocido (se traduce)
innario,inno-493,Fear not,tempo_bpm,,Desconocido,Dato vacío → Desconocido (se traduce)
innario,inno-493,Fear not,compas,,Desconocido,Dato vacío → Desconocido (se traduce)
innario,inno-494,From heaven you came,tonalidad,,Desconocido,Dato vacío → Desconocido (se traduce)
innario,inno-494,From heaven you came,tempo_bpm,,Desconocido,Dato vacío → Desconocido (se traduce)
innario,inno-494,From heaven you came,compas,,Desconocido,Dato vacío → Desconocido (se traduce)
innario,inno-495,Figli del gran Re,tonalidad,,Desconocido,Dato vacío → Desconocido (se traduce)
innario,inno-495,Figli del gran Re,tempo_bpm,,Desconocido,Dato vacío → Desconocido (se traduce)
innario,inno-495,Figli del gran Re,compas,,Desconocido,Dato vacío → Desconocido (se traduce)
innario,inno-496,Forza giovani,tonalidad,,Desconocido,Dato vacío → Desconocido (se traduce)
innario,inno-496,Forza giovani,tempo_bpm,,Desconocido,Dato vacío → Desconocido (se traduce)
innario,inno-496,Forza giovani,compas,,Desconocido,Dato vacío → Desconocido (se traduce)
innario,inno-497,Gloria al Re,tonalidad,,Desconocido,Dato vacío → Desconocido (se traduce)
innario,inno-497,Gloria al Re,tempo_bpm,,Desconocido,Dato vacío → Desconocido (se traduce)
innario,inno-497,Gloria al Re,compas,,Desconocido,Dato vacío → Desconocido (se traduce)
innario,inno-498,"Gesù, per le strade",tonalidad,,Desconocido,Dato vacío → Desconocido (se traduce)
innario,inno-498,"Gesù, per le strade",tempo_bpm,,Desconocido,Dato vacío → Desconocido (se traduce)
innario,inno-498,"Gesù, per le strade",compas,,Desconocido,Dato vacío → Desconocido (se traduce)
innario,inno-499,Grande è il Signor,tonalidad,,Desconocido,Dato vacío → Desconocido (se traduce)
innario,inno-499,Grande è il Signor,tempo_bpm,,Desconocido,Dato vacío → Desconocido (se traduce)
innario,inno-499,Grande è il Signor,compas,,Desconocido,Dato vacío → Desconocido (se traduce)
innario,inno-500,Il cielo canta,tonalidad,,Desconocido,Dato vacío → Desconocido (se traduce)
innario,inno-500,Il cielo canta,tempo_bpm,,Desconocido,Dato vacío → Desconocido (se traduce)
innario,inno-500,Il cielo canta,compas,,Desconocido,Dato vacío → Desconocido (se traduce)
innario,inno-501,"Gesù, il mio pastore",tonalidad,,Desconocido,Dato vacío → Desconocido (se traduce)
innario,inno-501,"Gesù, il mio pastore",tempo_bpm,,Desconocido,Dato vacío → Desconocido (se traduce)
innario,inno-501,"Gesù, il mio pastore",compas,,Desconocido,Dato vacío → Desconocido (se traduce)
innario,inno-502,Gloria su nei cieli,tonalidad,,Desconocido,Dato vacío → Desconocido (se traduce)
innario,inno-502,Gloria su nei cieli,tempo_bpm,,Desconocido,Dato vacío → Desconocido (se traduce)
innario,inno-502,Gloria su nei cieli,compas,,Desconocido,Dato vacío → Desconocido (se traduce)
innario,inno-503,Hallowed be your name,tonalidad,,Desconocido,Dato vacío → Desconocido (se traduce)
innario,inno-503,Hallowed be your name,tempo_bpm,,Desconocido,Dato vacío → Desconocido (se traduce)
innario,inno-503,Hallowed be your name,compas,,Desconocido,Dato vacío → Desconocido (se traduce)
innario,inno-504,I will build my church,tonalidad,,Desconocido,Dato vacío → Desconocido (se traduce)
innario,inno-504,I will build my church,tempo_bpm,,Desconocido,Dato vacío → Desconocido (se traduce)
innario,inno-504,I will build my church,compas,,Desconocido,Dato vacío → Desconocido (se traduce)
innario,inno-505,I cast all my cares upon you,tonalidad,,Desconocido,Dato vacío → Desconocido (se traduce)
innario,inno-505,I cast all my cares upon you,tempo_bpm,,Desconocido,Dato vacío → Desconocido (se traduce)
innario,inno-505,I cast all my cares upon you,compas,,Desconocido,Dato vacío → Desconocido (se traduce)
innario,inno-506,L'amore c'è,tonalidad,,Desconocido,Dato vacío → Desconocido (se traduce)
innario,inno-506,L'amore c'è,tempo_bpm,,Desconocido,Dato vacío → Desconocido (se traduce)
innario,inno-506,L'amore c'è,compas,,Desconocido,Dato vacío → Desconocido (se traduce)
innario,inno-507,I will follow him,tonalidad,,Desconocido,Dato vacío → Desconocido (se traduce)
innario,inno-507,I will follow him,tempo_bpm,,Desconocido,Dato vacío → Desconocido (se traduce)
innario,inno-507,I will follow him,compas,,Desconocido,Dato vacío → Desconocido (se traduce)
innario,inno-508,Insieme,tonalidad,,Desconocido,Dato vacío → Desconocido (se traduce)
innario,inno-508,Insieme,tempo_bpm,,Desconocido,Dato vacío → Desconocido (se traduce)
innario,inno-508,Insieme,compas,,Desconocido,Dato vacío → Desconocido (se traduce)
innario,inno-509,La luce del tuo amor,tonalidad,,Desconocido,Dato vacío → Desconocido (se traduce)
innario,inno-509,La luce del tuo amor,tempo_bpm,,Desconocido,Dato vacío → Desconocido (se traduce)
innario,inno-509,La luce del tuo amor,compas,,Desconocido,Dato vacío → Desconocido (se traduce)
innario,inno-510,Il potere dell'amore,tonalidad,,Desconocido,Dato vacío → Desconocido (se traduce)
innario,inno-510,Il potere dell'amore,tempo_bpm,,Desconocido,Dato vacío → Desconocido (se traduce)
innario,inno-510,Il potere dell'amore,compas,,Desconocido,Dato vacío → Desconocido (se traduce)
innario,inno-511,La scelta,tonalidad,,Desconocido,Dato vacío → Desconocido (se traduce)
innario,inno-511,La scelta,tempo_bpm,,Desconocido,Dato vacío → Desconocido (se traduce)
innario,inno-511,La scelta,compas,,Desconocido,Dato vacío → Desconocido (se traduce)
innario,inno-512,Il Signore e te,tonalidad,,Desconocido,Dato vacío → Desconocido (se traduce)
innario,inno-512,Il Signore e te,tempo_bpm,,Desconocido,Dato vacío → Desconocido (se traduce)
innario,inno-512,Il Signore e te,compas,,Desconocido,Dato vacío → Desconocido (se traduce)
innario,inno-513,Io celebro il Signor,tonalidad,,Desconocido,Dato vacío → Desconocido (se traduce)
innario,inno-513,Io celebro il Signor,tempo_bpm,,Desconocido,Dato vacío → Desconocido (se traduce)
innario,inno-513,Io celebro il Signor,compas,,Desconocido,Dato vacío → Desconocido (se traduce)
innario,inno-514,Jehova,tonalidad,,Desconocido,Dato vacío → Desconocido (se traduce)
innario,inno-514,Jehova,tempo_bpm,,Desconocido,Dato vacío → Desconocido (se traduce)
innario,inno-514,Jehova,compas,,Desconocido,Dato vacío → Desconocido (se traduce)
innario,inno-515,La casa sulla roccia,tonalidad,,Desconocido,Dato vacío → Desconocido (se traduce)
innario,inno-515,La casa sulla roccia,tempo_bpm,,Desconocido,Dato vacío → Desconocido (se traduce)
innario,inno-515,La casa sulla roccia,compas,,Desconocido,Dato vacío → Desconocido (se traduce)
innario,inno-516,E correremo insieme,tonalidad,,Desconocido,Dato vacío → Desconocido (se traduce)
innario,inno-516,E correremo insieme,tempo_bpm,,Desconocido,Dato vacío → Desconocido (se traduce)
innario,inno-516,E correremo insieme,compas,,Desconocido,Dato vacío → Desconocido (se traduce)
innario,inno-517,La mia anima cerca te,tonalidad,,Desconocido,Dato vacío → Desconocido (se traduce)
innario,inno-517,La mia anima cerca te,tempo_bpm,,Desconocido,Dato vacío → Desconocido (se traduce)
innario,inno-517,La mia anima cerca te,compas,,Desconocido,Dato vacío → Desconocido (se traduce)
innario,inno-518,Maestà,tonalidad,,Desconocido,Dato vacío → Desconocido (se traduce)
innario,inno-518,Maestà,tempo_bpm,,Desconocido,Dato vacío → Desconocido (se traduce)
innario,inno-518,Maestà,compas,,Desconocido,Dato vacío → Desconocido (se traduce)
innario,inno-519,Lascia che il Cristo,tonalidad,,Desconocido,Dato vacío → Desconocido (se traduce)
innario,inno-519,Lascia che il Cristo,tempo_bpm,,Desconocido,Dato vacío → Desconocido (se traduce)
innario,inno-519,Lascia che il Cristo,compas,,Desconocido,Dato vacío → Desconocido (se traduce)
innario,inno-520,La tua parola,tonalidad,,Desconocido,Dato vacío → Desconocido (se traduce)
innario,inno-520,La tua parola,tempo_bpm,,Desconocido,Dato vacío → Desconocido (se traduce)
innario,inno-520,La tua parola,compas,,Desconocido,Dato vacío → Desconocido (se traduce)
innario,inno-521,Momenti così,tonalidad,,Desconocido,Dato vacío → Desconocido (se traduce)
innario,inno-521,Momenti così,tempo_bpm,,Desconocido,Dato vacío → Desconocido (se traduce)
innario,inno-521,Momenti così,compas,,Desconocido,Dato vacío → Desconocido (se traduce)
innario,inno-522,Monti e colline,tonalidad,,Desconocido,Dato vacío → Desconocido (se traduce)
innario,inno-522,Monti e colline,tempo_bpm,,Desconocido,Dato vacío → Desconocido (se traduce)
innario,inno-522,Monti e colline,compas,,Desconocido,Dato vacío → Desconocido (se traduce)
innario,inno-523,Nessun peccato era in lui,tonalidad,,Desconocido,Dato vacío → Desconocido (se traduce)
innario,inno-523,Nessun peccato era in lui,tempo_bpm,,Desconocido,Dato vacío → Desconocido (se traduce)
innario,inno-523,Nessun peccato era in lui,compas,,Desconocido,Dato vacío → Desconocido (se traduce)
innario,inno-524,O mio Gesù,tonalidad,,Desconocido,Dato vacío → Desconocido (se traduce)
innario,inno-524,O mio Gesù,tempo_bpm,,Desconocido,Dato vacío → Desconocido (se traduce)
innario,inno-524,O mio Gesù,compas,,Desconocido,Dato vacío → Desconocido (se traduce)
innario,inno-525,Padre celeste,tonalidad,,Desconocido,Dato vacío → Desconocido (se traduce)
innario,inno-525,Padre celeste,tempo_bpm,,Desconocido,Dato vacío → Desconocido (se traduce)
innario,inno-525,Padre celeste,compas,,Desconocido,Dato vacío → Desconocido (se traduce)
innario,inno-526,Pace nel nostro tempo,tonalidad,,Desconocido,Dato vacío → Desconocido (se traduce)
innario,inno-526,Pace nel nostro tempo,tempo_bpm,,Desconocido,Dato vacío → Desconocido (se traduce)
innario,inno-526,Pace nel nostro tempo,compas,,Desconocido,Dato vacío → Desconocido (se traduce)
innario,inno-527,Padre t'amiamo,tonalidad,,Desconocido,Dato vacío → Desconocido (se traduce)
innario,inno-527,Padre t'amiamo,tempo_bpm,,Desconocido,Dato vacío → Desconocido (se traduce)
innario,inno-527,Padre t'amiamo,compas,,Desconocido,Dato vacío → Desconocido (se traduce)
innario,inno-528,La pace e l amor di Gesù,tonalidad,,Desconocido,Dato vacío → Desconocido (se traduce)
innario,inno-528,La pace e l amor di Gesù,tempo_bpm,,Desconocido,Dato vacío → Desconocido (se traduce)
innario,inno-528,La pace e l amor di Gesù,compas,,Desconocido,Dato vacío → Desconocido (se traduce)
innario,inno-529,Re dei re,tonalidad,,Desconocido,Dato vacío → Desconocido (se traduce)
innario,inno-529,Re dei re,tempo_bpm,,Desconocido,Dato vacío → Desconocido (se traduce)
innario,inno-529,Re dei re,compas,,Desconocido,Dato vacío → Desconocido (se traduce)
innario,inno-530,Voglio esserci anch'io,tonalidad,,Desconocido,Dato vacío → Desconocido (se traduce)
innario,inno-530,Voglio esserci anch'io,tempo_bpm,,Desconocido,Dato vacío → Desconocido (se traduce)
innario,inno-530,Voglio esserci anch'io,compas,,Desconocido,Dato vacío → Desconocido (se traduce)
innario,inno-531,Loderò il Signor,tonalidad,,Desconocido,Dato vacío → Desconocido (se traduce)
innario,inno-531,Loderò il Signor,tempo_bpm,,Desconocido,Dato vacío → Desconocido (se traduce)
innario,inno-531,Loderò il Signor,compas,,Desconocido,Dato vacío → Desconocido (se traduce)
innario,inno-532,"Show your power, o Lord",tonalidad,,Desconocido,Dato vacío → Desconocido (se traduce)
innario,inno-532,"Show your power, o Lord",tempo_bpm,,Desconocido,Dato vacío → Desconocido (se traduce)
innario,inno-532,"Show your power, o Lord",compas,,Desconocido,Dato vacío → Desconocido (se traduce)
innario,inno-533,Resta qui con noi,tonalidad,,Desconocido,Dato vacío → Desconocido (se traduce)
innario,inno-533,Resta qui con noi,tempo_bpm,,Desconocido,Dato vacío → Desconocido (se traduce)
innario,inno-533,Resta qui con noi,compas,,Desconocido,Dato vacío → Desconocido (se traduce)
innario,inno-534,King of kings,tonalidad,,Desconocido,Dato vacío → Desconocido (se traduce)
innario,inno-534,King of kings,tempo_bpm,,Desconocido,Dato vacío → Desconocido (se traduce)
innario,inno-534,King of kings,compas,,Desconocido,Dato vacío → Desconocido (se traduce)
innario,inno-535,Siamo noi,tonalidad,,Desconocido,Dato vacío → Desconocido (se traduce)
innario,inno-535,Siamo noi,tempo_bpm,,Desconocido,Dato vacío → Desconocido (se traduce)
innario,inno-535,Siamo noi,compas,,Desconocido,Dato vacío → Desconocido (se traduce)
innario,inno-536,Side by side,tonalidad,,Desconocido,Dato vacío → Desconocido (se traduce)
innario,inno-536,Side by side,tempo_bpm,,Desconocido,Dato vacío → Desconocido (se traduce)
innario,inno-536,Side by side,compas,,Desconocido,Dato vacío → Desconocido (se traduce)
innario,inno-537,Solo in Gesù,tonalidad,,Desconocido,Dato vacío → Desconocido (se traduce)
innario,inno-537,Solo in Gesù,tempo_bpm,,Desconocido,Dato vacío → Desconocido (se traduce)
innario,inno-537,Solo in Gesù,compas,,Desconocido,Dato vacío → Desconocido (se traduce)
innario,inno-538,Soon and very soon,tonalidad,,Desconocido,Dato vacío → Desconocido (se traduce)
innario,inno-538,Soon and very soon,tempo_bpm,,Desconocido,Dato vacío → Desconocido (se traduce)
innario,inno-538,Soon and very soon,compas,,Desconocido,Dato vacío → Desconocido (se traduce)
innario,inno-539,"Son io, Signor",tonalidad,,Desconocido,Dato vacío → Desconocido (se traduce)
innario,inno-539,"Son io, Signor",tempo_bpm,,Desconocido,Dato vacío → Desconocido (se traduce)
innario,inno-539,"Son io, Signor",compas,,Desconocido,Dato vacío → Desconocido (se traduce)
innario,inno-540,Such love,tonalidad,,Desconocido,Dato vacío → Desconocido (se traduce)
innario,inno-540,Such love,tempo_bpm,,Desconocido,Dato vacío → Desconocido (se traduce)
innario,inno-540,Such love,compas,,Desconocido,Dato vacío → Desconocido (se traduce)
innario,inno-541,Splendi Gesù,tonalidad,,Desconocido,Dato vacío → Desconocido (se traduce)
innario,inno-541,Splendi Gesù,tempo_bpm,,Desconocido,Dato vacío → Desconocido (se traduce)
innario,inno-541,Splendi Gesù,compas,,Desconocido,Dato vacío → Desconocido (se traduce)
innario,inno-542,The power & the glory,tonalidad,,Desconocido,Dato vacío → Desconocido (se traduce)
innario,inno-542,The power & the glory,tempo_bpm,,Desconocido,Dato vacío → Desconocido (se traduce)
innario,inno-542,The power & the glory,compas,,Desconocido,Dato vacío → Desconocido (se traduce)
innario,inno-543,Quando guardo la tua santità,tonalidad,,Desconocido,Dato vacío → Desconocido (se traduce)
innario,inno-543,Quando guardo la tua santità,tempo_bpm,,Desconocido,Dato vacío → Desconocido (se traduce)
innario,inno-543,Quando guardo la tua santità,compas,,Desconocido,Dato vacío → Desconocido (se traduce)
innario,inno-544,Ti sei mai chiesto,tonalidad,,Desconocido,Dato vacío → Desconocido (se traduce)
innario,inno-544,Ti sei mai chiesto,tempo_bpm,,Desconocido,Dato vacío → Desconocido (se traduce)
innario,inno-544,Ti sei mai chiesto,compas,,Desconocido,Dato vacío → Desconocido (se traduce)
innario,inno-545,Tocca il mio cuor,tonalidad,,Desconocido,Dato vacío → Desconocido (se traduce)
innario,inno-545,Tocca il mio cuor,tempo_bpm,,Desconocido,Dato vacío → Desconocido (se traduce)
innario,inno-545,Tocca il mio cuor,compas,,Desconocido,Dato vacío → Desconocido (se traduce)
innario,inno-546,"Tu sei degno, Signor",tonalidad,,Desconocido,Dato vacío → Desconocido (se traduce)
innario,inno-546,"Tu sei degno, Signor",tempo_bpm,,Desconocido,Dato vacío → Desconocido (se traduce)
innario,inno-546,"Tu sei degno, Signor",compas,,Desconocido,Dato vacío → Desconocido (se traduce)
innario,inno-547,Voi tutti giubilate,tonalidad,,Desconocido,Dato vacío → Desconocido (se traduce)
innario,inno-547,Voi tutti giubilate,tempo_bpm,,Desconocido,Dato vacío → Desconocido (se traduce)
innario,inno-547,Voi tutti giubilate,compas,,Desconocido,Dato vacío → Desconocido (se traduce)
innario,inno-548,Tu sei il mio rifugio,tonalidad,,Desconocido,Dato vacío → Desconocido (se traduce)
innario,inno-548,Tu sei il mio rifugio,tempo_bpm,,Desconocido,Dato vacío → Desconocido (se traduce)
innario,inno-548,Tu sei il mio rifugio,compas,,Desconocido,Dato vacío → Desconocido (se traduce)
innario,inno-549,Symbolum,tonalidad,,Desconocido,Dato vacío → Desconocido (se traduce)
innario,inno-549,Symbolum,tempo_bpm,,Desconocido,Dato vacío → Desconocido (se traduce)
innario,inno-549,Symbolum,compas,,Desconocido,Dato vacío → Desconocido (se traduce)
innario,inno-550,Have faith in God,tonalidad,,Desconocido,Dato vacío → Desconocido (se traduce)
innario,inno-550,Have faith in God,tempo_bpm,,Desconocido,Dato vacío → Desconocido (se traduce)
innario,inno-550,Have faith in God,compas,,Desconocido,Dato vacío → Desconocido (se traduce)
cancionero,oh_amor_de_dios,"Oh, amor de Dios",referencia_biblica,Efesios 3:18-19,Efesios 3:18-19; 1 Juan 4:8,Unificación de citas con los equivalentes de otros libros
cancionero,cristo_me_ama,Cristo me ama,referencia_biblica,Efesios 5:2; San Mateo 19:14; San Mateo 19:14; San Marcos 10:14; San Juan 15:15,Efesios 5:2; San Mateo 19:14; San Mateo 19:14; San Marcos 10:14; San Juan 15:15; Juan 3:16,Unificación de citas con los equivalentes de otros libros
cancionero,cristo_me_ama_infantil,Cristo me ama (infantil),referencia_biblica,Efesios 5:2; San Mateo 19:14; San Mateo 19:14; San Marcos 10:14; San Juan 15:15,Efesios 5:2; San Mateo 19:14; San Mateo 19:14; San Marcos 10:14; San Juan 15:15; Juan 3:16,Unificación de citas con los equivalentes de otros libros
cancionero,yo_tengo_gozo,Yo tengo gozo,referencia_biblica,"Filipenses 4:4, 7; Juan 3:16; Gálatas 5:22","Filipenses 4:4, 7; Juan 3:16; Gálatas 5:22; Romanos 15:13",Unificación de citas con los equivalentes de otros libros
cancionero,dulce_oracion,Dulce oración,referencia_biblica,1 Tesalonicenses 5:17,1 Tesalonicenses 5:17; Efesios 6:18; Filipenses 4:6-7; Mateo 7:7-8,Unificación de citas con los equivalentes de otros libros
cancionero,como_el_ciervo,Como el ciervo (revisar letra),referencia_biblica,Salmos 42:1,Salmos 42:1; Salmos 42:1-5,Unificación de citas con los equivalentes de otros libros
cancionero,en_momentos_asi,En momentos así,referencia_biblica,1 Crónicas 16:11,1 Crónicas 16:11; Salmos 25:1,Unificación de citas con los equivalentes de otros libros
cancionero,voy_caminando,Voy caminando,referencia_biblica,Salmos 34:4,Salmos 34:4; Mateo 28:20,Unificación de citas con los equivalentes de otros libros
cancionero,Jesús_es_mi_vida,Jesús es mi vida,referencia_biblica,Salmos 19:1; San Mateo 6:28-30; San Juan 14:6; Salmos 27:1; Salmos 8:3-4,Salmos 19:1; San Mateo 6:28-30; San Juan 14:6; Salmos 27:1; Salmos 8:3-4; Juan 10:10,Unificación de citas con los equivalentes de otros libros
cancionero,dame_a_cristo,Dame a Cristo,referencia_biblica,Salmos 73:25,Salmos 73:25; Mateo 16:26,Unificación de citas con los equivalentes de otros libros
cancionero,Jesús_tu_eres_mi_alegria,"Jesús, tú eres mi alegría",referencia_biblica,Habacuc 3:18,Habacuc 3:18; Juan 14:6,Unificación de citas con los equivalentes de otros libros
cancionero,despues_del_rio,Después del río,referencia_biblica,1 Corintios 2:9,1 Corintios 2:9; Josué 3:14-17,Unificación de citas con los equivalentes de otros libros
cancionero,por_eso_le_amo,Por eso le amo,referencia_biblica,Apocalipsis 1:7,Apocalipsis 1:7; 1 Juan 4:19,Unificación de citas con los equivalentes de otros libros
cancionero,santo_espiritu,Santo Espíritu,referencia_biblica,San Juan 14:17; San Mateo 25:1-13; San Mateo 5:16; San Marcos 16:15,San Juan 14:17; San Mateo 25:1-13; San Mateo 5:16; San Marcos 16:15; Hechos 1:8,Unificación de citas con los equivalentes de otros libros
cancionero,he_decidido_seguir_a_cristo,He decidido seguir a Cristo,referencia_biblica,San Lucas 9:62; Gálatas 2:20; Lucas 9:62; Gálatas 6:14; Filipenses 3:13,"San Lucas 9:62; Gálatas 2:20; Lucas 9:62; Gálatas 6:14; Filipenses 3:13; Lucas 9:57, 62",Unificación de citas con los equivalentes de otros libros
cancionero,si_lo_veremos,"Si, lo veremos",referencia_biblica,Apocalipsis 1:7; Mateo 24:30; Filipenses 2:10-11,Apocalipsis 1:7; Mateo 24:30; Filipenses 2:10-11; Isaías 25:9,Unificación de citas con los equivalentes de otros libros
cancionero,brilla_Jesús,"Brilla, Jesús",referencia_biblica,"Malaquías 4:2; 2 Corintios 4:6; Salmo 139:23-24; 1 Juan 1:7, San Mateo 8:12","Malaquías 4:2; 2 Corintios 4:6; Salmo 139:23-24; 1 Juan 1:7, San Mateo 8:12; Juan 8:12",Unificación de citas con los equivalentes de otros libros
cancionero,dios_bueno_es,Dios bueno es,referencia_biblica,Nahum 1:7; Salmos 145:9,Nahum 1:7; Salmos 145:9; Salmos 34:8,Unificación de citas con los equivalentes de otros libros
cancionero,dia_tan_grande,Día tan grande,referencia_biblica,Juan 3:3-5; Tito 3:5; 2 Corintios 4:6; Efesios 2:4-7; Juan 14:1-3,Juan 3:3-5; Tito 3:5; 2 Corintios 4:6; Efesios 2:4-7; Juan 14:1-3; 2 Timoteo 1:9,Unificación de citas con los equivalentes de otros libros
cancionero,el_puede,Él puede,referencia_biblica,San Lucas 1:37,San Lucas 1:37; Hebreos 7:25,Unificación de citas con los equivalentes de otros libros
cancionero,Jesús_mi_guia_es,Jesús mi guía es,referencia_biblica,Salmos 23; Salmos 56:3; 2 Corintios 12:9,"Salmos 23; Salmos 56:3; 2 Corintios 12:9; Salmos 32:6, 7",Unificación de citas con los equivalentes de otros libros
cancionero,buscad_primero,Buscad primero,year,None,1972,Completado desde Himnario 2009 (himno-226): el equivalente lo tiene y aquí estaba vacío/Desconocido
cancionero,dame_a_cristo,Dame a Cristo,autor,Desconocido,Negro Spiritual,Completado desde Himnario 2009 (himno-462): el equivalente lo tiene y aquí estaba vacío/Desconocido
cancionero,dame_a_cristo,Dame a Cristo,compositor,Desconocido,Negro Spiritual,Completado desde Himnario 2009 (himno-462): el equivalente lo tiene y aquí estaba vacío/Desconocido
cancionero,dulce_oracion,Dulce oración,year,Desconocido,1842,Completado desde Himnario 2009 (himno-376): el equivalente lo tiene y aquí estaba vacío/Desconocido
cancionero,en_momentos_asi,En momentos así,autor,Desconocido,David Graham,Completado desde Himnario 2009 (himno-034): el equivalente lo tiene y aquí estaba vacío/Desconocido
cancionero,en_momentos_asi,En momentos así,compositor,Desconocido,David Graham,Completado desde Himnario 2009 (himno-034): el equivalente lo tiene y aquí estaba vacío/Desconocido
cancionero,el_puede,Él puede,autor,Desconocido,Paul E. Paino,Completado desde Himnario 2009 (himno-429): el equivalente lo tiene y aquí estaba vacío/Desconocido
cancionero,el_puede,Él puede,compositor,Desconocido,Paul E. Paino,Completado desde Himnario 2009 (himno-429): el equivalente lo tiene y aquí estaba vacío/Desconocido
cancionero,el_puede,Él puede,year,Desconocido,1958,Completado desde Himnario 2009 (himno-429): el equivalente lo tiene y aquí estaba vacío/Desconocido
cancionero,santo_espiritu,Santo Espíritu,year,Desconocido,1953,Completado desde Himnario 2009 (himno-203): el equivalente lo tiene y aquí estaba vacío/Desconocido
cancionero,si_lo_veremos,"Si, lo veremos",autor,Desconocido,Mariane Scriven; James Bingham,Completado desde Himnario 2009 (himno-180): el equivalente lo tiene y aquí estaba vacío/Desconocido
cancionero,si_lo_veremos,"Si, lo veremos",compositor,Desconocido,Wintley Phipps,Completado desde Himnario 2009 (himno-180): el equivalente lo tiene y aquí estaba vacío/Desconocido
cancionero,adentro_afuera_arriba_abajo,"Adentro, afuera, arriba, abajo",compositor,,Desconocido,Dato vacío → Desconocido (se traduce)
cancionero,blanqueado,Blanqueado,year,None,Desconocido,Dato vacío → Desconocido (se traduce)
cancionero,blanqueado,Blanqueado,tempo_bpm,None,Desconocido,Dato vacío → Desconocido (se traduce)
cancionero,blanqueado,Blanqueado,compas,None,Desconocido,Dato vacío → Desconocido (se traduce)
cancionero,blanqueado,Blanqueado,ritmo,None,Desconocido,Dato vacío → Desconocido (se traduce)
cancionero,brillar_por_ti,Brillar por ti,year,None,Desconocido,Dato vacío → Desconocido (se traduce)
cancionero,brillar_por_ti,Brillar por ti,tempo_bpm,None,Desconocido,Dato vacío → Desconocido (se traduce)
cancionero,brillar_por_ti,Brillar por ti,compas,None,Desconocido,Dato vacío → Desconocido (se traduce)
cancionero,brillar_por_ti,Brillar por ti,ritmo,None,Desconocido,Dato vacío → Desconocido (se traduce)
cancionero,buscad_primero,Buscad primero,tempo_bpm,None,Desconocido,Dato vacío → Desconocido (se traduce)
cancionero,buscad_primero,Buscad primero,compas,None,Desconocido,Dato vacío → Desconocido (se traduce)
cancionero,buscad_primero,Buscad primero,ritmo,None,Desconocido,Dato vacío → Desconocido (se traduce)
cancionero,buscale_hoy,Búscale hoy,year,None,Desconocido,Dato vacío → Desconocido (se traduce)
cancionero,buscale_hoy,Búscale hoy,tempo_bpm,None,Desconocido,Dato vacío → Desconocido (se traduce)
cancionero,buscale_hoy,Búscale hoy,compas,None,Desconocido,Dato vacío → Desconocido (se traduce)
cancionero,buscale_hoy,Búscale hoy,ritmo,None,Desconocido,Dato vacío → Desconocido (se traduce)
cancionero,buscas,Buscas,year,None,Desconocido,Dato vacío → Desconocido (se traduce)
cancionero,buscas,Buscas,tempo_bpm,None,Desconocido,Dato vacío → Desconocido (se traduce)
cancionero,buscas,Buscas,compas,None,Desconocido,Dato vacío → Desconocido (se traduce)
cancionero,buscas,Buscas,ritmo,None,Desconocido,Dato vacío → Desconocido (se traduce)
cancionero,cada_nuevo_dia,Cada nuevo día,year,None,Desconocido,Dato vacío → Desconocido (se traduce)
cancionero,cada_nuevo_dia,Cada nuevo día,tempo_bpm,None,Desconocido,Dato vacío → Desconocido (se traduce)
cancionero,cada_nuevo_dia,Cada nuevo día,compas,None,Desconocido,Dato vacío → Desconocido (se traduce)
cancionero,cada_nuevo_dia,Cada nuevo día,ritmo,None,Desconocido,Dato vacío → Desconocido (se traduce)
cancionero,cantad_a_dios,Cantad a Dios,tempo_bpm,,Desconocido,Dato vacío → Desconocido (se traduce)
cancionero,cantad_a_dios,Cantad a Dios,ritmo,,Desconocido,Dato vacío → Desconocido (se traduce)
cancionero,cantare_de_tu_amor,Cantaré de tu amor,tempo_bpm,,Desconocido,Dato vacío → Desconocido (se traduce)
cancionero,cantare_de_tu_amor,Cantaré de tu amor,ritmo,,Desconocido,Dato vacío → Desconocido (se traduce)
cancionero,cantare_de_tu_amor_por_siempre,Cantaré de tu amor por siempre,tempo_bpm,,Desconocido,Dato vacío → Desconocido (se traduce)
cancionero,canto_de_alabanza,Canto de alabanza,tempo_bpm,,Desconocido,Dato vacío → Desconocido (se traduce)
cancionero,canto_de_alabanza,Canto de alabanza,ritmo,,Desconocido,Dato vacío → Desconocido (se traduce)
cancionero,canto_de_alegria,Canto de alegría,tempo_bpm,,Desconocido,Dato vacío → Desconocido (se traduce)
cancionero,celebrar_y_cantar,Celebrar y cantar,tempo_bpm,,Desconocido,Dato vacío → Desconocido (se traduce)
cancionero,celebrar_y_cantar,Celebrar y cantar,ritmo,,Desconocido,Dato vacío → Desconocido (se traduce)
cancionero,cerca_de_Jesús,Cerca de Jesús,tempo_bpm,,Desconocido,Dato vacío → Desconocido (se traduce)
cancionero,como_el_ciervo,Como el ciervo (revisar letra),tempo_bpm,,Desconocido,Dato vacío → Desconocido (se traduce)
cancionero,como_el_ciervo,Como el ciervo (revisar letra),ritmo,,Desconocido,Dato vacío → Desconocido (se traduce)
cancionero,enciende_una_luz,Enciende una luz,year,None,Desconocido,Dato vacío → Desconocido (se traduce)
cancionero,enciende_una_luz,Enciende una luz,compas,None,Desconocido,Dato vacío → Desconocido (se traduce)
cancionero,enciende_una_luz,Enciende una luz,ritmo,None,Desconocido,Dato vacío → Desconocido (se traduce)
cancionero,Jesús_es_mi_vida,Jesús es mi vida,ritmo,,Desconocido,Dato vacío → Desconocido (se traduce)
cancionero,voy_a_contar_una_historia_jonas,La historia de Jonás,ritmo,,Desconocido,Dato vacío → Desconocido (se traduce)
cancionero,alzare_mis_ojos_hatikvah,Salmo 121: Alzaré mis ojos,year,None,Desconocido,Dato vacío → Desconocido (se traduce)
cancionero,sinfonia_de_unidad,Sinfonía de unidad,ritmo,,Desconocido,Dato vacío → Desconocido (se traduce)
campamento,quince_de_enero,15 de enero,tonalidad,,Desconocido,Dato vacío → Desconocido (se traduce)
campamento,quince_de_enero,15 de enero,tempo_bpm,,Desconocido,Dato vacío → Desconocido (se traduce)
campamento,quince_de_enero,15 de enero,compas,,Desconocido,Dato vacío → Desconocido (se traduce)
campamento,a_donde_fuiste,¿A dónde fuiste?,tonalidad,,Desconocido,Dato vacío → Desconocido (se traduce)
campamento,a_donde_fuiste,¿A dónde fuiste?,tempo_bpm,,Desconocido,Dato vacío → Desconocido (se traduce)
campamento,a_donde_fuiste,¿A dónde fuiste?,compas,,Desconocido,Dato vacío → Desconocido (se traduce)
campamento,a_donde_fuiste,¿A dónde fuiste?,ritmo,,Desconocido,Dato vacío → Desconocido (se traduce)
campamento,aserrin_aserran,"Aserrín, aserrán",tonalidad,,Desconocido,Dato vacío → Desconocido (se traduce)
campamento,aserrin_aserran,"Aserrín, aserrán",tempo_bpm,,Desconocido,Dato vacío → Desconocido (se traduce)
campamento,aserrin_aserran,"Aserrín, aserrán",compas,,Desconocido,Dato vacío → Desconocido (se traduce)
campamento,cu_cu_cantaba_la_rana,Cú cú cantaba la rana,tonalidad,,Desconocido,Dato vacío → Desconocido (se traduce)
campamento,cu_cu_cantaba_la_rana,Cú cú cantaba la rana,tempo_bpm,,Desconocido,Dato vacío → Desconocido (se traduce)
campamento,cu_cu_cantaba_la_rana,Cú cú cantaba la rana,compas,,Desconocido,Dato vacío → Desconocido (se traduce)
campamento,el_ciclon,El ciclón,tonalidad,,Desconocido,Dato vacío → Desconocido (se traduce)
campamento,el_ciclon,El ciclón,tempo_bpm,,Desconocido,Dato vacío → Desconocido (se traduce)
campamento,el_ciclon,El ciclón,compas,,Desconocido,Dato vacío → Desconocido (se traduce)
campamento,en_la_feria_del_maestro_andres,En la feria del maestro Andrés,tonalidad,,Desconocido,Dato vacío → Desconocido (se traduce)
campamento,en_la_feria_del_maestro_andres,En la feria del maestro Andrés,tempo_bpm,,Desconocido,Dato vacío → Desconocido (se traduce)
campamento,en_la_feria_del_maestro_andres,En la feria del maestro Andrés,compas,,Desconocido,Dato vacío → Desconocido (se traduce)
campamento,estaba_la_catalina,Estaba la Catalina,tonalidad,,Desconocido,Dato vacío → Desconocido (se traduce)
campamento,estaba_la_catalina,Estaba la Catalina,tempo_bpm,,Desconocido,Dato vacío → Desconocido (se traduce)
campamento,estaba_la_catalina,Estaba la Catalina,compas,,Desconocido,Dato vacío → Desconocido (se traduce)
campamento,habia_un_arbol,Había una vez un árbol,tonalidad,,Desconocido,Dato vacío → Desconocido (se traduce)
campamento,habia_un_arbol,Había una vez un árbol,tempo_bpm,,Desconocido,Dato vacío → Desconocido (se traduce)
campamento,habia_un_arbol,Había una vez un árbol,compas,,Desconocido,Dato vacío → Desconocido (se traduce)
campamento,habia_un_arbol,Había una vez un árbol,ritmo,,Desconocido,Dato vacío → Desconocido (se traduce)
campamento,hay_un_barco,Hay un barco,tonalidad,,Desconocido,Dato vacío → Desconocido (se traduce)
campamento,hay_un_barco,Hay un barco,tempo_bpm,,Desconocido,Dato vacío → Desconocido (se traduce)
campamento,hay_un_barco,Hay un barco,compas,,Desconocido,Dato vacío → Desconocido (se traduce)
campamento,hay_un_barco,Hay un barco,ritmo,,Desconocido,Dato vacío → Desconocido (se traduce)
campamento,la_cucaracha,La cucaracha,tonalidad,,Desconocido,Dato vacío → Desconocido (se traduce)
campamento,la_cucaracha,La cucaracha,tempo_bpm,,Desconocido,Dato vacío → Desconocido (se traduce)
campamento,la_cucaracha,La cucaracha,compas,,Desconocido,Dato vacío → Desconocido (se traduce)
campamento,mambru_se_fue_a_la_guerra,Mambrú se fue a la guerra,tonalidad,,Desconocido,Dato vacío → Desconocido (se traduce)
campamento,mambru_se_fue_a_la_guerra,Mambrú se fue a la guerra,tempo_bpm,,Desconocido,Dato vacío → Desconocido (se traduce)
campamento,mambru_se_fue_a_la_guerra,Mambrú se fue a la guerra,compas,,Desconocido,Dato vacío → Desconocido (se traduce)
campamento,que_llueva_que_llueva,"Que llueva, que llueva",tonalidad,,Desconocido,Dato vacío → Desconocido (se traduce)
campamento,que_llueva_que_llueva,"Que llueva, que llueva",tempo_bpm,,Desconocido,Dato vacío → Desconocido (se traduce)
campamento,que_llueva_que_llueva,"Que llueva, que llueva",compas,,Desconocido,Dato vacío → Desconocido (se traduce)
campamento,sal_de_ahi_chivita,Sal de ahí chivita chivita,tonalidad,,Desconocido,Dato vacío → Desconocido (se traduce)
campamento,sal_de_ahi_chivita,Sal de ahí chivita chivita,tempo_bpm,,Desconocido,Dato vacío → Desconocido (se traduce)
campamento,sal_de_ahi_chivita,Sal de ahí chivita chivita,compas,,Desconocido,Dato vacío → Desconocido (se traduce)
campamento,sal_de_ahi_chivita,Sal de ahí chivita chivita,ritmo,,Desconocido,Dato vacío → Desconocido (se traduce)
campamento,un_elefante_se_balanceaba,Un elefante se balanceaba,tonalidad,,Desconocido,Dato vacío → Desconocido (se traduce)
campamento,un_elefante_se_balanceaba,Un elefante se balanceaba,tempo_bpm,,Desconocido,Dato vacío → Desconocido (se traduce)
campamento,un_elefante_se_balanceaba,Un elefante se balanceaba,compas,,Desconocido,Dato vacío → Desconocido (se traduce)
campamento,yo_tengo_un_moco,Yo tengo un moco,tonalidad,,Desconocido,Dato vacío → Desconocido (se traduce)
campamento,yo_tengo_un_moco,Yo tengo un moco,tempo_bpm,,Desconocido,Dato vacío → Desconocido (se traduce)
campamento,yo_tengo_un_moco,Yo tengo un moco,compas,,Desconocido,Dato vacío → Desconocido (se traduce)
campamento,yo_tengo_una_casita,Yo tengo una casita,tonalidad,,Desconocido,Dato vacío → Desconocido (se traduce)
campamento,yo_tengo_una_casita,Yo tengo una casita,tempo_bpm,,Desconocido,Dato vacío → Desconocido (se traduce)
campamento,yo_tengo_una_casita,Yo tengo una casita,compas,,Desconocido,Dato vacío → Desconocido (se traduce)
